code,name,modeType,itemType,armorType,itemGrade,isCompletedItem,alertInSpectator,markingType,craftAnimTrigger,stackable,initialCount,itemUsableType,itemUsableValueList,exclusiveProducer,canNotBeTakeItemFromCorpse,isCopyableItemToBattleZoneCorpse,makeMaterial1,makeMaterial2,notDisarm,manufacturableType,attackPower,attackPowerByLv,defense,defenseByLv,skillAmp,skillAmpByLevel,skillAmpRatio,skillAmpRatioByLevel,maxHp,maxHpByLv,maxSp,hpRegenRatio,hpRegen,spRegenRatio,spRegen,attackSpeedRatio,attackSpeedRatioByLv,criticalStrikeChance,criticalStrikeDamage,preventCriticalStrikeDamaged,cooldownReduction,cooldownLimit,lifeSteal,normalLifeSteal,skillLifeSteal,moveSpeed,moveSpeedOutOfCombat,sightRange,attackRange,increaseBasicAttackDamage,increaseBasicAttackDamageByLv,preventBasicAttackDamaged,preventBasicAttackDamagedByLv,preventBasicAttackDamagedRatio,preventBasicAttackDamagedRatioByLv,increaseBasicAttackDamageRatio,increaseBasicAttackDamageRatioByLv,preventSkillDamaged,preventSkillDamagedByLv,preventSkillDamagedRatio,preventSkillDamagedRatioByLv,penetrationDefense,penetrationDefenseRatio,trapDamageReduce,trapDamageReduceRatio,hpHealedIncreaseRatio,healerGiveHpHealRatio,uniqueAttackRange,uniqueHpHealedIncreaseRatio,uniqueCooldownLimit,uniqueTenacity,uniqueMoveSpeed,uniquePenetrationDefense,uniquePenetrationDefenseRatio,uniqueLifeSteal,uniqueSkillAmpRatio,restoreItemWhenResurrected
201101,머리띠,0,Armor,Head,Common,FALSE,FALSE,None,craftMetal,1,1,EXCEPT,51,0,FALSE,TRUE,0,0,FALSE,1,0,0,2,0,0,0,0,0,0,0,130,0,0,0,0,0,0,0,0,0,0,0,0,0,0,0,0,0,0,0,0,0,0,0,0,0,0,0,0,0,0,0,0,0,0,0,0,0,0,0,0,0,0,0,0,0,TRUE
201102,모자,0,Armor,Head,Common,FALSE,FALSE,None,craftMetal,1,1,EXCEPT,51,0,FALSE,TRUE,0,0,FALSE,1,0,0,4,0,0,0,0,0,0,0,0,0,0,0,0,0,0,0,0,0,0.02,0,0,0,0,0,0,0,0,0,0,0,0,0,0,0,0,0,0,0,0,0,0,0,0,0,0,0,0,0,0,0,0,0,0,0,TRUE
201104,자전거헬멧,0,Armor,Head,Common,FALSE,FALSE,None,craftMetal,1,1,EXCEPT,51,0,FALSE,TRUE,0,0,FALSE,1,0,0,0,0,0,0,0,0,30,0,0,0,0,0,0,0,0,0,0,0,0,0,0,0,0,0,0,0,0,0,0,0,0,0,0,0,0,0,0,0,0,0,0,0,0,0,0,0,0,0,0,0,0,0,0,0,TRUE
201201,가면,0,Armor,Head,Uncommon,FALSE,FALSE,None,craftMetal,1,1,EXCEPT,51,0,FALSE,TRUE,201101,205101,FALSE,0,0,0,9,0,0,0,0,0,0,0,150,0,0,0,0,0,0,0,0,0,0,0,0,0,0,0,0,0,0,0,0,0,0,0,0,0,0,0,0,0,0,0,0,0,0,0,0,0,0,0,0,0.04,0,0,0,0,TRUE
201202,머리테,0,Armor,Head,Uncommon,FALSE,FALSE,None,craftMetal,1,1,EXCEPT,51,0,FALSE,TRUE,201101,108101,FALSE,0,0,0,4,0,0,0,0,0,0,0,270,0,0,0,0,0,0,0,0,0,0,0,0,0,0,0,0,0,0,0,0,0,0,0,0,0,0,0,0,0,0,0,0,0,0,0,0,0,0,0,0,0,0,0,0,0,TRUE
201203,베레모,0,Armor,Head,Uncommon,FALSE,FALSE,None,craftMetal,1,1,EXCEPT,51,0,FALSE,TRUE,201102,101101,FALSE,0,0,0,8,0,0,0,0,0,0,0,0,0,0,0,0,0,0,0,0,0,0.06,0,0,0,0,0,0,0,0,0,0,0,0,0,0,0,0,0,0,0,0,0,0,0,0,0,0,0,0,0,0,0,0,0,0,0,TRUE
201204,사슬코이프,0,Armor,Head,Uncommon,FALSE,FALSE,None,craftMetal,1,1,EXCEPT,51,0,FALSE,TRUE,201102,119101,FALSE,0,0,0,12,0,0,0,0,0,0,0,0,0,0,0,0,0,0,0,0,0,0.04,0,0,0,0,0,0,0,0,0,0,0,0,0,0,0,0,0,0,0,0,0,0,0,0,0,0,0,0,0,0,0,0,0,0,0,TRUE
201205,안전모,0,Armor,Head,Uncommon,FALSE,FALSE,None,craftMetal,1,1,EXCEPT,51,0,FALSE,TRUE,201104,112101,FALSE,0,0,0,0,0,0,0,0,0,90,0,0,0,0,0,0,0,0,0,0,0,0,0,0,0,0,0,0,0,0,0,0,0,0,0,0,0,0,0,0,0,0,0,0,0,0,0,0,0,0,0,0,0,0,0,0,0,TRUE
201206,피어나는봉오리,0,Armor,Head,Uncommon,FALSE,FALSE,None,craftMetal,1,1,ONLY,51,51,TRUE,FALSE,0,0,TRUE,0,0,0,10,0,5,1,0,0,0,0,150,0,0,0,0,0,0,0,0,0,0,0,0,0,0,0,0,0,0,0,0,0,0,0,0,0,0,0,0,0,0,0,0,0,0,0,0,0,0,0,0,0,0,0,0,0,TRUE
201301,방탄모,0,Armor,Head,Rare,FALSE,FALSE,None,craftMetal,1,1,EXCEPT,51,0,FALSE,TRUE,201203,201104,FALSE,0,0,0,13,0,0,0,0,0,90,0,0,0,0,0,0,0,0,0,0,0,0.08,0,0,0,0,0,0,0,0,0,0,0,0,0,0,0,0,0,0,0,0,0,0,0,0,0,0,0,0,0,0,0,0,0,0,0,TRUE
201302,소방헬멧,0,Armor,Head,Rare,FALSE,FALSE,None,craftMetal,1,1,EXCEPT,51,0,FALSE,TRUE,201205,302201,FALSE,0,0,0,0,0,0,0,0,0,120,0,0,0,0,0.5,0,0,0,0,0,0,0,0,0,0,0,0,0,0,0,0,0,0,0,0,0,0,0,0,0,0,0,0,0,0,0,0,0,0,0,0,0,0,0,0,0,0,TRUE
201303,티아라,0,Armor,Head,Rare,FALSE,FALSE,None,craftMetal,1,1,EXCEPT,51,0,FALSE,TRUE,201202,401109,FALSE,0,0,0,10,0,0,0,0,0,0,0,400,0,0,0,0,0,0,0,0,0,0,0,0,0,0,0,0,0,0,0,0,0,0,0,0,0,0,0,0,0,0,0,0,0,0,0,0,0,0,0,0,0,0,0,0,0,TRUE
201304,로빈,0,Armor,Head,Epic,TRUE,FALSE,None,craftMetal,1,1,EXCEPT,51,0,FALSE,TRUE,401113,205312,FALSE,0,23,0,0,0,0,0,0,0,0,0,0,0,0,0,0,0,0,0,0,0,0.12,0,0,0,0,0,0,0,0,0,0,0,0,0,0,0,0,0,0,0,0,0,0,0,0,0,0,0,0,0,0,0.06,0,0,0,0,TRUE
201305,싱그러운꽃잎,0,Armor,Head,Rare,FALSE,FALSE,None,craftMetal,1,1,ONLY,51,51,TRUE,FALSE,0,0,TRUE,0,0,0,17,0,20,2,0,0,0,0,200,0,0,0,0,0,0,0,0,0,0,0,0,0,0,0,0,0,0,0,0,0,0,0,0,0,0,0,0,0,0,0,0,0,0,0,0,0,0,0,0,0,0,0,0,0,TRUE
201401,왕관,0,Armor,Head,Rare,FALSE,FALSE,None,craftMetal,1,1,EXCEPT,51,0,FALSE,TRUE,201203,401214,FALSE,0,0,0,11,0,30,0,0,0,0,0,0,0,0,0,0,0,0,0,0,0,0.08,0,0,0,0,0,0,0,0,0,0,0,0,0,0,0,0,0,0,0,0,0,0,0,0,0,0,0,0,0,0,0,0,0,0,0,TRUE
201402,투구,0,Armor,Head,Rare,FALSE,FALSE,None,craftMetal,1,1,EXCEPT,51,0,FALSE,TRUE,201204,201201,FALSE,0,0,0,13,0,0,0,0,0,0,0,200,0,0,0,0,0,0,0,0,0,0.06,0,0,0,0,0,0,0,0,0,0,0,0,0,0,0,0,0,0,0,0,0,0,0,0,0,0,0,0,0,0,0.06,0,0,0,0,TRUE
201403,미스릴투구,0,Armor,Head,Legend,TRUE,TRUE,None,craftMetal,1,1,EXCEPT,51,0,FALSE,FALSE,201204,401304,FALSE,0,0,0,29,0,0,0,0,0,0,0,0,0,0,0,0,0.3,0,0,0,0,0.15,0,0,0,0,0.08,0,0,0,0,0,0,0,0,0,0,0,0,0,0,0,0,0,0,0,0,0,0,0,0,0,0,0,0,0,0,TRUE
201404,수정티아라,0,Armor,Head,Epic,TRUE,FALSE,None,craftMetal,1,1,EXCEPT,51,0,FALSE,TRUE,201303,205204,FALSE,0,0,0,14,0,0,0,0,0,0,0,400,0,0,0,0,0,0,0.25,0.07,0,0,0,0,0,0,0,0,0,0,0,0,0,0,0,0,0,0,0,0,0,0,0,0,0,0,0,0,0,0,0,0,0,0,0,0,0,TRUE
201405,오토바이헬멧,0,Armor,Head,Epic,TRUE,FALSE,None,craftMetal,1,1,EXCEPT,51,0,FALSE,TRUE,201205,401303,FALSE,0,0,0,0,0,55,0,0,0,165,0,0,0,0,0,0,0.28,0,0,0,0,0,0,0,0,0,0,0,0,0,0,0,0,0,0,0,0,0,0,0,0,0,0,0,0,0,0,0,0,0,0,0,0,0,0,0,0,TRUE
201406,전술OPS헬멧,0,Armor,Head,Epic,TRUE,FALSE,None,craftMetal,1,1,EXCEPT,51,0,FALSE,TRUE,201301,401211,FALSE,0,0,0,13,0,0,0,0,0,115,0,0,0,0,0,0,0.28,0,0,0,0,0.1,0,0,0,0,0,0,0,0,0,0,0,0,0,0,0,0,0,0,0,0,0,0,0,0,0,0,0,0,0,0,0,0,0,0,0,TRUE
201407,기사단장의투구,0,Armor,Head,Epic,TRUE,FALSE,None,craftMetal,1,1,EXCEPT,51,0,FALSE,TRUE,201402,401105,FALSE,0,0,0,17,0,0,0,0,0,0,0,200,0,0,0,0,0,0,0,0,0,0.06,0,0,0,0,0,0,0,0,0,0,0,0,0,0,0,0,0,0,0.07,0,0,0,0,0,0,0,0,0,0,0,0.06,0,0,0,0,TRUE
201408,월계관,0,Armor,Head,Legend,TRUE,TRUE,None,craftMetal,1,1,EXCEPT,51,0,FALSE,FALSE,201202,205403,FALSE,0,21,0,10,0,0,0,0,0,0,0,500,0,0,0,0,0,0,0,0,0,0.15,0,0,0,0,0,0,0,0,0,0,0,0,0,0,0,0,0,0,0,0,0,0.08,0,0,0,0,0,0,0,0,0,0,0,0,0,TRUE
201409,제국왕관,0,Armor,Head,Epic,TRUE,FALSE,None,craftMetal,1,1,EXCEPT,51,0,FALSE,TRUE,201401,401114,FALSE,0,0,0,15,0,54,0,0,0,0,0,0,0,0,0,0,0,0,0,0,0,0.12,0,0,0,0,0,0,0,0,0,0,0,0,0,0,0,0,0,0,0,0,0,0,0,0,0,0,0,0,0,0,0,0,0,0,0,TRUE
201410,황실부르고넷,0,Armor,Head,Epic,TRUE,FALSE,None,craftMetal,1,1,EXCEPT,51,0,FALSE,TRUE,201402,401214,FALSE,0,0,0,13,0,60,0,0,0,0,0,400,0,0,0,0,0,0,0,0,0,0.06,0,0,0,0,0,0,0,0,0,0,0,0,0,0,0,0,0,0,0,0,0,0,0,0,0,0,0,0,0,0,0.06,0,0,0,0,TRUE
201411,변검,0,Armor,Head,Legend,TRUE,TRUE,None,craftMetal,1,1,EXCEPT,51,0,FALSE,FALSE,201201,401401,FALSE,0,25,0,15,0,65,0,0,0,0,0,200,0,0,0,0,0,0,0,0,0,0,0,0.2,0,0,0.1,0,0,0,0,0,0,0,0,0,0,0,0,0,0,0,0,0,0,0,0,0,0,0,0,0,0,0,0,0,0,TRUE
201412,모호크헬멧,0,Armor,Head,Epic,TRUE,FALSE,None,craftMetal,1,1,EXCEPT,51,0,FALSE,TRUE,201302,502201,FALSE,0,0,0,0,0,0,0,0,0,250,0,0,0,0,0.5,0,0,0,0,0,0,0,0,0,0,0,0,0,0,0,0,0,0,0,0,0,0,0,0,0,0,0,0,0,0,0,0,0,0,0,0,0,0,0,0,0,0,TRUE
201413,비질란테,0,Armor,Head,Epic,TRUE,FALSE,None,craftMetal,1,1,EXCEPT,51,0,FALSE,TRUE,201302,401118,FALSE,0,0,0,14,0,46,0,0,0,155,0,0,0,0,0.5,0,0,0,0,0,0,0,0,0,0,0,0,0,0,0,0,0,0,0,0,0,0,0,0,0,0,0,0,0,0,0,0,0,0,0,0,0,0,0,0,0,0,TRUE
201414,다이아뎀,0,Armor,Head,Epic,TRUE,FALSE,None,craftMetal,1,1,EXCEPT,51,0,FALSE,TRUE,201202,203305,FALSE,0,12,0,8,0,0,0,0,0,0,0,270,0,0,0,0,0,0,0,0,0,0.12,0,0,0,0,0,0,0,0,0,0,0,0,0,0,0,0,0,0,0,0,0,0.07,0,0,0,0,0,0,0,0,0,0,0,0,0,TRUE
201415,성기사의투구,7,Armor,Head,Epic,TRUE,FALSE,None,craftMetal,1,1,EXCEPT,51,0,FALSE,TRUE,201401,205109,FALSE,0,15,0,15,0,0,0,0,0,0,0,0,0,0,0,0,0,0,0,0,0,0,0,0,0,0,0,0,0,0,0,0,0,0,0,0,0,0,0,0,0,0,0,0,0,0,0,0,0,0,0,0,0,0,0,0,0,TRUE
201416,만개하는선율,0,Armor,Head,Epic,TRUE,FALSE,None,craftMetal,1,1,ONLY,51,51,TRUE,FALSE,0,0,TRUE,0,0,0,25,0,35,3,0,0,0,0,300,0,0,0,0,0,0,0,0,0,0.1,0,0,0,0,0,0,0,0,0,0,0,0,0,0,0,0,0,0,0,0,0,0,0,0,0,0,0,0,0,0,0,0,0,0,0,TRUE
201501,천사의고리,0,Armor,Head,Legend,TRUE,TRUE,None,craftMetal,1,1,EXCEPT,51,0,FALSE,FALSE,201202,401403,FALSE,0,20,0,20,0,0,0,0,0,0,0,300,0,0,0,0,0,0,0,0,0,0,0,0,0,0,0,0,0,0,0,0,0,0,0,0,0,0,0,0,0,0,0,0,0,0,0,0,0,0,0,0,0,0,0,0,0,TRUE
201502,빛의증표,0,Armor,Head,Legend,TRUE,TRUE,None,craftMetal,1,1,EXCEPT,51,0,FALSE,FALSE,201404,401209,FALSE,0,0,0,18,0,0,0,0,0,0,0,500,0,0,0,0,0,0,0.29,0.11,0,0,0,0,0,0,0,0,0,0,0,0,0,0,0,0,0,0,0,0,0,0,0,0,0,0,0,0,0,0,0,0,0,0,0,0,0,TRUE
201503,페르소나,0,Armor,Head,Legend,TRUE,TRUE,None,craftMetal,1,1,EXCEPT,51,0,FALSE,FALSE,201201,401403,FALSE,0,0,0,15,0,61,0,0,0,0,0,400,0,0,0,0,0,0,0,0,0,0,0,0,0,0,0.1,0,0,0,0,0,0,0,0,0,0,0,0,0,0,0,0,0,0,0,0,0,0,0,0,0,0,0,0,0,0.15,TRUE
201504,예언자의터번,0,Armor,Head,Legend,TRUE,TRUE,None,craftMetal,1,1,EXCEPT,51,0,FALSE,FALSE,201410,401208,FALSE,0,0,0,13,0,70,0,0,0,0,0,400,0,0,0,0,0,0,0,0,0,0.08,0,0,0,0,0.06,0,0,0,0,0,0,0,0,0,0,0,0,0,0,0,0,0,0,0,0,0,0,0,0,0,0,0,0,0,0,TRUE
201505,레이싱헬멧,0,Armor,Head,Legend,TRUE,TRUE,None,craftMetal,1,1,EXCEPT,51,0,FALSE,FALSE,201405,401304,FALSE,0,0,0,0,0,70,0,0,0,190,0,0,0,0,0,0,0.28,0,0,0,0,0,0,0,0,0,0,0,0,0,0,0,0,0,0,0,0,0,0,0,0,0,0,0,0,0,0,0,0,0,0,0,0,0,0,0,0,TRUE
202101,바람막이,0,Armor,Chest,Common,FALSE,FALSE,None,craftMetal,1,1,ALL,0,0,FALSE,TRUE,0,0,FALSE,1,4,0,3,0,0,0,0,0,0,0,0,0,0,0,0,0,0,0,0,0,0,0,0,0,0,0,0,0,0,0,0,0,0,0,0,0,0,0,0,0,0,0,0,0,0,0,0,0,0,0,0,0,0,0,0,0,TRUE
202103,승복,0,Armor,Chest,Common,FALSE,FALSE,None,craftMetal,1,1,ALL,0,0,FALSE,TRUE,0,0,FALSE,1,0,0,5,0,0,0,0,0,0,0,0,0,0,0,0,0,0,0,0,0,0.05,0,0,0,0,0,0,0,0,0,0,0,0,0,0,0,0,0,0,0,0,0,0,0,0,0,0,0,0,0,0,0,0,0,0,0,TRUE
202105,전신수영복,0,Armor,Chest,Common,FALSE,FALSE,None,craftMetal,1,1,ALL,0,0,FALSE,TRUE,0,0,FALSE,1,0,0,5,0,0,0,0,0,0,0,0,0,0,0,0,0,0,0,0,0,0,0,0,0,0,0,0,0,0,0,0,0,0,0,0,0,0,0,0,0.01,0,0,0,0,0,0,0,0,0,0,0,0,0,0,0,0,TRUE
202106,천갑옷,0,Armor,Chest,Common,FALSE,FALSE,None,craftMetal,1,1,ALL,0,0,FALSE,TRUE,0,0,FALSE,1,0,0,9,0,0,0,0,0,0,0,0,0,0,0,0,0,0,0,0,0,0,0,0,0,0,0,0,0,0,0,0,0,0,0,0,0,0,0,0,0,0,0,0,0,0,0,0,0,0,0,0,0,0,0,0,0,TRUE
202201,가죽갑옷,0,Armor,Chest,Uncommon,FALSE,FALSE,None,craftMetal,1,1,ALL,0,0,FALSE,TRUE,202106,401103,FALSE,0,0,0,13,0,0,0,0,0,0,0,0,0,0,0,0,0,0,0,0,0,0,0,0,0,0,0,0,0,0,0,0,0,0,0,0,0,0,0,0,0,0,0,0,0,0,0,0,0,0,0,0,0,0,0,0,0,TRUE
202202,가죽자켓,0,Armor,Chest,Uncommon,FALSE,FALSE,None,craftMetal,1,1,ALL,0,0,FALSE,TRUE,202101,401103,FALSE,0,8,0,6,0,0,0,0,0,0,0,0,0,0,0,0,0,0,0,0,0,0,0,0,0,0,0,0,0,0,0,0,0,0,0,0,0,0,0,0,0,0,0,0,0,0,0,0,0,0,0,0,0,0,0,0,0,TRUE
202203,거북도복,0,Armor,Chest,Uncommon,FALSE,FALSE,None,craftMetal,1,1,ALL,0,0,FALSE,TRUE,202103,401104,FALSE,0,0,0,9,0,0,0,0,0,0,0,0,0,0,0,0,0,0,0,0,0,0.07,0,0,0,0,0,0,0,0,0,0,0,0,0,0,0,0,0,0,0,0,0,0,0,0,0,0,0,0,0,0,0,0,0,0,0,TRUE
202205,군복,0,Armor,Chest,Uncommon,FALSE,FALSE,None,craftMetal,1,1,ALL,0,0,FALSE,TRUE,202101,108101,FALSE,0,4,0,7,0,0,0,0,0,30,0,0,0,0,0,0,0,0,0,0,0,0,0,0,0,0,0,0,0,0,0,0,0,0,0,0,0,0,0,0,0,0,0,0,0,0,0,0,0,0,0,0,0,0,0,0,0,TRUE
202206,덧댄로브,0,Armor,Chest,Uncommon,FALSE,FALSE,None,craftMetal,1,1,ALL,0,0,FALSE,TRUE,202103,203102,FALSE,0,0,0,5,0,10,0,0,0,0,0,0,0.35,0,0,0,0,0,0,0,0,0.07,0,0,0,0,0,0,0,0,0,0,0,0,0,0,0,0,0,0,0,0,0,0,0,0,0,0,0,0,0,0,0,0,0,0,0,TRUE
202207,드레스,0,Armor,Chest,Uncommon,FALSE,FALSE,None,craftMetal,1,1,ALL,0,0,FALSE,TRUE,401113,101101,FALSE,0,3,0,7,0,0,0,0,0,0,0,0,0,0,0.8,0,0,0,0,0,0,0,0,0,0,0,0,0,0,0,0,0,0,0,0,0,0,0,0,0,0,0,0,0,0,0,0,0,0,0,0,0,0,0,0,0,0,TRUE
202209,비키니,0,Armor,Chest,Uncommon,FALSE,FALSE,None,craftMetal,1,1,ALL,0,0,FALSE,TRUE,202105,101101,FALSE,0,0,0,5,0,0,0,0,0,0,0,0,0,0,0,0,0,0,0,0,0,0,0,0,0,0,0,0,0,0,0,0,0,0,0,0,0,0,0,0,0.03,0,0,0,0,0,0,0,0,0,0,0,0,0,0,0,0,TRUE
202210,잠수복,0,Armor,Chest,Uncommon,FALSE,FALSE,None,craftMetal,1,1,ALL,0,0,FALSE,TRUE,202105,401105,FALSE,0,0,0,9,0,0,0,0,0,0,0,0,0,0,0,0,0,0,0,0,0,0,0,0,0,0,0,0,0,0,0,0,0,0,0,0,0,0,0,0,0.02,0,0,0,0,0,0,0,0,0,0,0,0,0,0,0,0,TRUE
202211,사제복,0,Armor,Chest,Uncommon,FALSE,FALSE,None,craftMetal,1,1,ALL,0,0,FALSE,TRUE,205109,401113,FALSE,0,0,0,0,0,15,0,0,0,90,0,0,0,0,0,0,0,0,0,0,0,0,0,0,0,0,0,0,0,0,0,0,0,0,0,0,0,0,0,0,0,0,0,0,0,0,0,0,0,0,0,0,0,0,0,0,0,TRUE
202301,라이더자켓,0,Armor,Chest,Rare,FALSE,FALSE,None,craftMetal,1,1,ALL,0,0,FALSE,TRUE,202202,119101,FALSE,0,15,0,9,0,0,0,0,0,0,0,0,0,0,0,0,0,0,0,0,0,0,0,0,0,0,0,0,0,0,0,0,0,0,0,0,0,0,0,0,0,0,0,0,0,0,0,0,0,0,0,0,0,0,0,0,0,TRUE
202302,사슬갑옷,0,Armor,Chest,Rare,FALSE,FALSE,None,craftMetal,1,1,ALL,0,0,FALSE,TRUE,202201,119101,FALSE,0,0,0,16,0,0,0,0,0,0,0,0,0,0,0,0,0,0,0,0,0,0,0,0,0,0,0,0,0,0,0,0,0,0,0,0,0,0,0,0,0,0,0,0,0,0,0,0,0,0,0,0,0,0,0,0,0,TRUE
202303,정장,0,Armor,Chest,Rare,FALSE,FALSE,None,craftMetal,1,1,ALL,0,0,FALSE,TRUE,202202,205103,FALSE,0,10,0,0,0,0,0,0,0,0,0,0,0,0,0,0,0,0,0,0,0,0,0,0,0.1,0,0,0,0,0,0,0,0,0,0,0,0,0,0,0,0,0,0,0,0,0,0,0,0,0,0,0,0,0,0,0,0,TRUE
202304,치파오,0,Armor,Chest,Rare,FALSE,FALSE,None,craftMetal,1,1,ALL,0,0,FALSE,TRUE,202207,113101,FALSE,0,5,0,9,0,0,0,0,0,0,0,0,0,0,1,0,0,0,0,0,0,0,0,0,0,0,0,0,0,0,0,0,0,0,0,0,0,0,0,0,0,0,0,0,0,0,0,0,0,0,0,0,0,0,0,0,0,TRUE
202305,판금갑옷,0,Armor,Chest,Rare,FALSE,FALSE,None,craftMetal,1,1,ALL,0,0,FALSE,TRUE,202106,401201,FALSE,0,0,0,17,0,0,0,0,0,50,0,0,0,0,0,0,0,0,0,0,0,0,0,0,0,0,0,0,0,0,0,0,0,0,0,0,0,0,0,0,0,0,0,0,0,0,0,0,0,0,0,0,0,0,0,0,0,TRUE
202306,한복,0,Armor,Chest,Rare,FALSE,FALSE,None,craftMetal,1,1,ALL,0,0,FALSE,TRUE,202206,205102,FALSE,0,0,0,10,0,20,0,0,0,0,0,0,0.35,0,0,0,0,0,0,0,0,0.1,0,0,0,0,0,0,0,0,0,0,0,0,0,0,0,0,0,0,0,0,0,0,0,0,0,0,0,0,0,0,0,0,0,0,0,TRUE
202307,고위사제복,0,Armor,Chest,Epic,TRUE,FALSE,None,craftMetal,1,1,ALL,0,0,FALSE,TRUE,202211,401202,FALSE,0,0,0,9,0,60,0,0,0,155,0,0,0,0,0.5,0,0,0,0,0,0,0,0,0,0,0,0,0,0,0,0,0,0,0,0,0,0,0,0,0,0,0,0,0,0,0,0,0,0,0,0,0,0,0,0,0,0,TRUE
202401,방탄조끼,0,Armor,Chest,Rare,FALSE,FALSE,None,craftMetal,1,1,ALL,0,0,FALSE,TRUE,202205,401213,FALSE,0,0,0,18,0,0,0,0,0,70,0,0,0,0,0,0,0,0,0,0,0,0,0,0,0,0,0,0,0,0,0,0,0,0,0,0,0,0,0,0,0,0,0,0,0,0,0,0,0,0,0,0,0,0,0,0,0,TRUE
202402,석양의갑옷,0,Armor,Chest,Epic,TRUE,FALSE,None,craftMetal,1,1,ALL,0,0,FALSE,TRUE,202302,401217,FALSE,0,0,0,20,0,0,0,0,0,200,0,0,0,0,0,0,0,0,0,0,0,0,0,0,0,0,0,0,0,0,0,0,0,0,0,0,0,0,0,0,0,0,0,0,0,0,0,0,0,0,0,0,0,0,0,0,0,TRUE
202404,어사의,0,Armor,Chest,Epic,TRUE,FALSE,None,craftMetal,1,1,ALL,0,0,FALSE,TRUE,202306,401109,FALSE,0,0,0,18,0,33,0,0,0,0,0,0,0.45,0,0,0,0,0,0,0,0,0.12,0,0,0,0,0,0,0,0,0,0,0,0,0,0,0,0,0,0,0,0,0,0,0,0,0,0,0,0,0,0,0,0,0,0,0,TRUE
202405,광학미채수트,0,Armor,Chest,Epic,TRUE,FALSE,None,craftMetal,1,1,ALL,0,0,FALSE,TRUE,202210,401305,FALSE,0,15,0,10,0,0,0,0,0,0,0,0,0,0,0,0,0,0,0.24,0,0,0,0,0,0,0,0,0,0,0,0,0,0,0,0,0,0,0,0,0,0,0,0,0,0,0,0,0,0,0,0,0,0,0,0,0,0,TRUE
202406,락커의자켓,0,Armor,Chest,Epic,TRUE,FALSE,None,craftMetal,1,1,ALL,0,0,FALSE,TRUE,202301,112103,FALSE,0,25,0,9,0,0,0,0,0,0,0,0,0,0,0,0,0,0,0,0,0,0,0,0,0,0,0,0.08,0,0,0,0,0,0,0,0,0,0,0,0,0,0,0,0,0,0,0,0,0,0,0,0,0,0,0,0,0,TRUE
202407,미스릴갑옷,0,Armor,Chest,Legend,TRUE,TRUE,None,craftMetal,1,1,ALL,0,0,FALSE,FALSE,202201,401304,FALSE,0,0,0,37,0,0,0,0,0,0,0,0,0,0,0,0,0.35,0,0,0,0,0,0,0,0,0,0.08,0,0,0,0,0,0,0,0,0,0,0,0,0,0,0,0,0,0,0,0,0,0,0,0,0,0,0,0,0,0,TRUE
202408,성기사의갑옷,0,Armor,Chest,Epic,TRUE,FALSE,None,craftMetal,1,1,ALL,0,0,FALSE,TRUE,202305,205202,FALSE,0,21,0,20,0,0,0,0,0,50,0,0,0.75,0,0,0,0,0,0,0,0,0,0,0,0,0,0,0,0,0,0,0,0,0,0,0,0,0,0,0,0,0,0,0,0,0,0,0,0,0,0,0,0,0,0,0,0,TRUE
202410,아마조네스아머,0,Armor,Chest,Epic,TRUE,FALSE,None,craftMetal,1,1,ALL,0,0,FALSE,TRUE,202305,202209,FALSE,0,0,0,20,0,0,0,0,0,170,0,0,0,0,0,0,0,0,0,0,0,0,0,0,0,0,0,0,0,0,0,0,0,0,0,0,0,0,0,0,0.09,0,0,0,0,0,0,0,0,0,0,0,0,0,0,0,0,TRUE
202411,용의도복,0,Armor,Chest,Epic,TRUE,FALSE,None,craftMetal,1,1,ALL,0,0,FALSE,TRUE,202304,202203,FALSE,0,25,0,9,0,0,0,0,0,0,0,0,0,0,1,0,0,0,0,0,0,0.15,0,0,0,0,0,0,0,0,0,0,0,0,0,0,0,0,0,0,0,0,0,0,0,0,0,0,0,0,0,0,0,0,0,0,0,TRUE
202412,지휘관의갑옷,0,Armor,Chest,Epic,TRUE,FALSE,None,craftMetal,1,1,ALL,0,0,FALSE,TRUE,202302,401214,FALSE,0,0,0,20,0,55,0,0,0,0,0,0,0,0,0,0,0,0,0,0,0,0,0,0,0,0,0,0,0,0,0,0,0,0,0,0,0,0,0,0,0,0,0,0,0,0,0,0,0,0,0,0,0,0,0,0,0,TRUE
202413,집사복,0,Armor,Chest,Epic,TRUE,FALSE,None,craftMetal,1,1,ALL,0,0,FALSE,TRUE,202303,205209,FALSE,0,23,0,0,0,0,0,0,0,0,0,0,0,0,0,0,0,0,0,0,0,0,0,0,0.16,0,0,0,0,0,0,0,0,0,0,0,0,0,0,0,0,0,0,0,0,0,0,0,0,0,0,0,0.08,0,0,0,0,TRUE
202415,배틀수트,0,Armor,Chest,Epic,TRUE,FALSE,None,craftMetal,1,1,ALL,0,0,FALSE,TRUE,202401,202210,FALSE,0,0,0,22,0,0,0,0,0,140,0,0,0,0,0,0,0,0,0,0,0,0,0,0,0,0,0,0,0,0,0,0,0,0,0.06,0,0,0,0,0,0.04,0,0,0,0,0,0,0,0,0,0,0,0,0,0,0,0,TRUE
202416,불꽃드레스,0,Armor,Chest,Legend,TRUE,TRUE,None,craftMetal,1,1,ALL,0,0,FALSE,FALSE,202207,205403,FALSE,0,5,0,25,0,0,0,0,0,0,0,0,0,0,1,0,0,0,0,0,0,0,0,0,0,0,0,0,0,0,0,0,0,0,0,0,0,0,0,0,0,0,0,0,0,0,0,0,0,0,0,0,0,0,0,0,0,TRUE
202417,EOD수트,0,Armor,Chest,Epic,TRUE,FALSE,None,craftMetal,1,1,ALL,0,0,FALSE,TRUE,202401,202206,FALSE,0,0,0,25,0,13,0,0,0,135,0,0,0.6,0,0,0,0,0,0,0,0,0.1,0,0,0,0,0,0,0,0,0,0,0,0,0,0,0,0,0,0,0,0,0,0,0,0,0,0,0,0,0,0,0,0,0,0,0,TRUE
202418,턱시도,0,Armor,Chest,Epic,TRUE,FALSE,None,craftMetal,1,1,ALL,0,0,FALSE,TRUE,202303,202207,FALSE,0,22,0,10,0,0,0,0,0,0,0,0,0,0,0,0,0,0,0,0,0,0,0,0.12,0,0,0,0,0,0,0,0,0,0,0,0,0,0,0,0,0,0,0,0,0,0,0,0,0,0,0,0,0,0,0,0,0,TRUE
202419,제사장의예복,0,Armor,Chest,Epic,TRUE,FALSE,None,craftMetal,1,1,ALL,0,0,FALSE,TRUE,202306,302308,FALSE,0,0,0,14,0,25,0,0,0,0,0,0,0.5,0,0.85,0,0,0,0,0,0,0.15,0,0,0,0,0,0,0,0,0,0,0,0,0,0,0,0,0,0,0,0,0,0,0,0,0,0,0,0,0.05,0,0,0,0,0,0,TRUE
202420,창파오,0,Armor,Chest,Epic,TRUE,FALSE,None,craftMetal,1,1,ALL,0,0,FALSE,TRUE,202304,302303,FALSE,0,14,0,9,0,0,0,0,0,0,0,0,0,0,1.5,0,0.32,0,0,0,0,0,0,0,0,0,0,0,0,0,0,0,0,0,0,0,0,0,0,0,0,0,0,0,0,0,0,0,0,0,0,0,0,0,0,0,0,TRUE
202421,미스릴크롭,0,Armor,Chest,Legend,TRUE,TRUE,None,craftMetal,1,1,ALL,0,45,FALSE,FALSE,202209,401304,FALSE,0,0,0,45,0,0,0,0,0,0,0,0,0,0,0,0,0.38,0,0,0,0,0,0,0,0,0,0.15,0,0,0,0,0,0,0,0,0,0,0,0,0,0,0,0,0,0,0,0,0,0,0,0,0,0,0,0,0,0,TRUE
202501,카바나,0,Armor,Chest,Legend,TRUE,TRUE,None,craftMetal,1,1,ALL,0,0,FALSE,FALSE,202412,401209,FALSE,0,0,0,22,0,75,0,0,0,0,0,0,0,0,0,0,0,0,0,0,0,0,0,0,0,0,0,0,1,0,0,0,0,0,0,0,0,0,0,0,0,0,0,0,0,0,0,0,0,0,0,0,0,0,0,0,0,TRUE
202502,퀸오브하트,0,Armor,Chest,Legend,TRUE,TRUE,None,craftMetal,1,1,ALL,0,0,FALSE,FALSE,202206,401401,FALSE,0,0,0,22,0,40,0,0,0,0,0,0,1,0,0,0,0,0,0,0,0,0.3,0,0,0,0,0,0,0,0,0,0,0,0,0,0,0,0,0,0,0,0,0,0,0,0,0,0,0,0,0.1,0,0,0,0,0,0,TRUE
202503,성법의,7,Armor,Chest,Legend,TRUE,TRUE,None,craftMetal,1,1,ALL,0,0,FALSE,FALSE,202211,401403,FALSE,0,0,0,15,0,65,0,0,0,120,0,0,0,0,0,0,0,0,0,0,0,0,0,0,0,0,0,0,0,0,0,0,0,0,0,0,0,0,0,0,0,0,0,0,0,0,0,0,0,0,0,0,0,0,0,0,0,TRUE
202504,버건디47,0,Armor,Chest,Legend,TRUE,TRUE,None,craftMetal,1,1,ALL,0,0,FALSE,FALSE,202303,401401,FALSE,0,25,0,6,0,0,0,0,0,0,0,0,0,0,0,0,0,0,0,0,0,0,0,0,0.16,0,0.1,0,0,0,0,0,0,0,0,0,0,0,0,0,0,0,0,0,0,0,0,0,0,0,0,0,0,0,0,0,0,TRUE
202505,아오자이,0,Armor,Chest,Legend,TRUE,TRUE,None,craftMetal,1,1,ALL,0,45,FALSE,FALSE,202207,401403,FALSE,0,45,0,35,0,30,0,0,0,0,0,0,0,0,1,0,0,0,0,0,0,0,0,0,0,0,0,0,0,0,0,0,0,0,0,0,0,0,0,0,0,0,0,0,0,0,0,0,0,0,0,0,0,0,0,0,0,TRUE
202506,팬텀자켓,0,Armor,Chest,Legend,TRUE,TRUE,None,craftMetal,1,1,ALL,0,45,FALSE,FALSE,202301,205403,FALSE,0,12,0,25,0,0,0,0,0,0,0,0,0,0,0,0,0,0,0,0,0,0,0,0,0,0,0,0,0,0,0,0,0,0,0,0,0,0,0,0,0,0,0,0,0,0,0,0,0,0,0,0,0,0,0,0,0,TRUE
202507,가디언슈트,0,Armor,Chest,Legend,TRUE,TRUE,None,craftMetal,1,1,ALL,0,0,FALSE,FALSE,202415,401403,FALSE,0,0,0,28,0,0,0,0,0,150,0,0,0,0,0,0,0,0,0,0,0,0,0,0,0,0,0,0,0,0,0,0,0,0,0.1,0,0,0,0,0,0.08,0,0,0,0,0,0,0,0,0,0,0,0,0,0,0,0,TRUE
202508,진은드레스,0,Armor,Chest,Legend,TRUE,TRUE,None,craftMetal,1,1,ALL,0,0,FALSE,FALSE,202207,401304,FALSE,0,0,0,24,0,59,0,0,0,0,0,0,0,0,1.2,0,0,0,0,0,0,0.12,0,0,0,0,0,0,0,0,0,0,0,0,0,0,0,0,0,0,0,0,0,0,0,0,0,0,0,0,0,0,0,0,0,0,0,TRUE
203101,손목시계,0,Armor,Arm,Common,FALSE,FALSE,None,craftMetal,1,1,ALL,0,0,FALSE,TRUE,0,0,FALSE,1,0,0,0,0,0,0,0,0,0,0,0,0,0,0,0,0.08,0,0,0,0,0,0,0,0,0,0,0,0,0,0,0,0,0,0,0,0,0,0,0,0,0,0,0,0,0,0,0,0,0,0,0,0,0,0,0,0,TRUE
203102,붕대,0,Armor,Arm,Common,FALSE,FALSE,None,craftMetal,1,1,ALL,0,0,FALSE,TRUE,0,0,FALSE,1,0,0,0,0,0,0,0,0,0,0,0,0.2,0,0,0,0,0,0,0,0,0,0,0,0,0,0,0,0,0,0,0,0,0,0,0,0,0,0,0,0,0,0,0,0,0,0,0,0,0,0,0,0,0,0,0,0,TRUE
203104,팔찌,0,Armor,Arm,Common,FALSE,FALSE,None,craftMetal,1,1,ALL,0,0,FALSE,TRUE,0,0,FALSE,1,0,0,0,0,0,0,0,0,0,0,220,0,0,0,0,0,0,0,0,0,0,0,0,0,0,0,0,0,0,0,0,0,0,0,0,0,0,0,0,0,0,0,0,0,0,0,0,0,0,0,0,0,0,0,0,0,TRUE
203201,가죽방패,0,Armor,Arm,Uncommon,FALSE,FALSE,None,craftMetal,1,1,ALL,0,0,FALSE,TRUE,401104,401103,FALSE,0,5,0,13,0,0,0,0,0,0,0,0,0,0,0,0,0,0,0,0,0,0,0,0,0,0,0,0,0,0,0,0,0,0,0,0,0,0,0,0,0,0,0,0,0,0,0,0,0,0,0,0,0,0,0,0,0,TRUE
203202,분대장완장,0,Armor,Arm,Uncommon,FALSE,FALSE,None,craftMetal,1,1,ALL,0,0,FALSE,TRUE,203102,120101,FALSE,0,0,0,0,0,0,0,0,0,0,0,0,0.35,0,0,0,0,0,0,0.15,0,0,0,0,0,0,0,0,0,0,0,0,0,0,0,0,0,0,0,0,0,0,0,0,0,0,0,0,0,0,0,0,0,0,0,0,0,TRUE
203203,브레이서,0,Armor,Arm,Uncommon,FALSE,FALSE,None,craftMetal,1,1,ALL,0,0,FALSE,TRUE,203102,401103,FALSE,0,0,0,11,0,0,0,0,0,0,0,0,0.3,0,0,0,0,0,0,0,0,0,0,0,0,0,0,0,0,0,0,0,0,0,0,0,0,0,0,0,0,0,0,0,0,0,0,0,0,0,0,0,0,0,0,0,0,TRUE
203204,고장난시계,0,Armor,Arm,Uncommon,FALSE,FALSE,None,craftMetal,1,1,ALL,0,0,FALSE,TRUE,203101,401116,FALSE,0,0,0,4,0,0,0,0,0,0,0,0,0,0,0,0,0,0,0,0,0,0.05,0,0,0,0,0,0,0,0,0,0,0,0,0,0,0,0,0,0,0,0,0,0,0,0,0,0,0,0,0,0,0,0,0,0,0,TRUE
203301,검집,0,Armor,Arm,Rare,FALSE,FALSE,None,craftMetal,1,1,ALL,0,0,FALSE,TRUE,401103,401213,FALSE,0,18,0,0,0,0,0,0,0,0,0,0,0,0,0,0,0,0,0,0,0,0,0,0,0,0,0,0,0,0,0,0,0,0,0,0,0,0,0,0,0,0,0,0,0,0,0,0,0,0,0,0,0,0,0,0,0,TRUE
203302,금팔찌,0,Armor,Arm,Rare,FALSE,FALSE,None,craftMetal,1,1,ALL,0,0,FALSE,TRUE,203104,401214,FALSE,0,0,0,0,0,25,0,0,0,0,0,220,0,0,0,0,0,0,0,0,0,0,0,0,0,0,0,0,0,0,0,0,0,0,0,0,0,0,0,0,0,0,0,0,0,0,0,0,0,0,0,0,0,0,0,0,0,TRUE
203303,바주반드,0,Armor,Arm,Rare,FALSE,FALSE,None,craftMetal,1,1,ALL,0,0,FALSE,TRUE,203203,401213,FALSE,0,0,0,15,0,0,0,0,0,0,0,0,0,0,0,0,0,0,0,0,0,0,0,0,0,0,0,0,0,0,0,0,0,0,0.02,0,0,0,0,0,0,0,0,0,0,0,0,0,0,0,0,0,0,0,0,0,0,TRUE
203304,진홍팔찌,0,Armor,Arm,Rare,FALSE,FALSE,None,craftMetal,1,1,ALL,0,0,FALSE,TRUE,203104,502201,FALSE,0,0,0,0,0,0,0,0,0,100,0,250,0,0,0,0,0,0,0,0,0,0,0,0,0,0,0,0,0,0,0,0,0,0,0,0,0,0,0,0,0,0,0,0,0,0,0,0,0,0,0,0,0,0,0,0,0,TRUE
203305,바브드블로섬,0,Armor,Arm,Rare,FALSE,FALSE,None,craftMetal,1,1,ALL,0,0,FALSE,TRUE,205102,401216,FALSE,0,10,0,0,0,0,0,0,0,0,0,0,0,0,0,0,0,0,0,0,0,0.05,0,0,0,0,0,0,0,0,0,0,0,0,0,0,0,0,0,0,0,0,0,0.04,0,0,0,0,0,0,0,0,0,0,0,0,0,TRUE
203306,포이즌드,0,Armor,Arm,Epic,TRUE,FALSE,None,craftMetal,1,1,ALL,0,0,FALSE,TRUE,110102,401302,FALSE,0,0,0,13,0,44,0,0,0,0,0,0,0,0,0,0,0,0,0,0,0,0,0,0,0,0,0,0,0,0,0,0,0,0,0,0,0,0,0,0,0,0,0,0,0,0,0,0,0,0,0,0,0,0,0,0,0,TRUE
203401,강철방패,0,Armor,Arm,Rare,FALSE,FALSE,None,craftMetal,1,1,ALL,0,0,FALSE,TRUE,203201,401201,FALSE,0,15,0,13,0,0,0,0,0,0,0,0,0,0,0,0,0,0,0,0,0,0,0,0,0,0,0,0,0,0,0,0,0,0,0,0,0,0,0,0,0,0,0,0,0,0,0,0,0,0,0,0,0,0,0,0,0,TRUE
203402,소드스토퍼,0,Armor,Arm,Epic,TRUE,FALSE,None,craftMetal,1,1,ALL,0,0,FALSE,TRUE,203303,401101,FALSE,0,0,0,17,0,0,0,0,0,0,0,0,0,0,0,0,0,0,0,0,0,0,0,0,0,0,0,0,0,0,0,0,0,0,0.07,0,0,0,0,0,0,0,0,0,0,0,0,0,0,0,0,0,0,0,0,0,0,TRUE
203403,드라우프니르,0,Armor,Arm,Epic,TRUE,FALSE,None,craftMetal,1,1,ALL,0,0,FALSE,TRUE,203302,203203,FALSE,0,0,0,13,0,57,0,0,0,0,0,300,0.3,0,0,0,0,0,0,0,0,0,0,0,0,0,0,0,0,0,0,0,0,0,0,0,0,0,0,0,0,0,0,0,0,0,0,0,0,0,0,0,0,0,0,0,0,TRUE
203404,미스릴방패,0,Armor,Arm,Legend,TRUE,TRUE,None,craftMetal,1,1,ALL,0,0,FALSE,FALSE,203201,401304,FALSE,0,23,0,21,0,0,0,0,0,0,0,0,0,0,0,0,0.25,0,0,0,0,0,0,0,0,0,0.08,0,0,0,0,0,0,0,0,0,0,0,0,0,0,0,0,0,0,0,0,0,0,0,0,0,0,0,0,0,0,TRUE
203405,바이탈센서,0,Armor,Arm,Epic,TRUE,FALSE,None,craftMetal,1,1,ALL,0,0,FALSE,TRUE,203204,401211,FALSE,0,0,0,13,0,0,0,0,0,0,0,0,0,0,0,0,0.3,0,0.17,0,0,0,0,0,0,0,0,0,0,0,0,0,0,0,0,0,0,0,0,0,0,0,0,0,0,0,0,0,0,0,0,0,0,0,0,0,0,TRUE
203406,기사의신조,0,Armor,Arm,Epic,TRUE,FALSE,None,craftMetal,1,1,ALL,0,0,FALSE,TRUE,203401,203202,FALSE,0,26,0,17,0,0,0,0,0,0,0,0,0.45,0,0,0,0,0,0,0.15,0,0,0,0,0,0,0,0,0,0,0,0,0,0,0,0,0,0,0,0,0,0,0,0,0,0,0,0,0,0,0,0,0,0,0,0,0,TRUE
203407,샤자한의검집,0,Armor,Arm,Epic,TRUE,FALSE,None,craftMetal,1,1,ALL,0,0,FALSE,TRUE,203301,401217,FALSE,0,32,0,0,0,0,0,0,0,120,0,0,0,0,0,0,0,0,0,0,0,0,0,0,0,0,0,0,0,0,0,0,0,0,0,0,0,0,0,0,0,0,0,0.09,0,0,0,0,0,0,0,0,0,0,0,0,0,TRUE
203408,큐브워치,0,Armor,Arm,Legend,TRUE,TRUE,None,craftMetal,1,1,ALL,0,0,FALSE,FALSE,203101,401301,FALSE,0,0,0,15,0,0,0,0,0,0,0,0,0,0,0,0,0.5,0,0,0,0,0,0,0,0,0,0,0,0,0,0,0,0,0,0,0,0,0,0,0,0,0,0,0,0,0,0,0,0,0,0,0,0,0,0,0,0,TRUE
203409,아이기스,0,Armor,Arm,Epic,TRUE,FALSE,None,craftMetal,1,1,ALL,0,0,FALSE,TRUE,203304,203201,FALSE,0,8,0,21,0,0,0,0,0,200,0,300,0,0,0,0,0,0,0,0,0,0,0,0,0,0,0,0,0,0,0,0,0,0,0,0,0,0,0,0,0,0,0,0,0,0,0,0,0,0,0,0,0,0,0,0,0,TRUE
203410,틴달로스의팔찌,0,Armor,Arm,Epic,TRUE,FALSE,None,craftMetal,1,1,ALL,0,0,FALSE,TRUE,203302,203204,FALSE,0,0,0,10,0,40,0,0,0,0,0,300,0,0,0,0,0,0,0,0,0,0.12,0,0,0,0,0,0,0,0,0,0,0,0,0,0,0,0,0,0,0,0,0,0,0,0,0,0,0,0,0,0,0,0,0,0,0,TRUE
203411,나이팅게일,0,Armor,Arm,Epic,TRUE,FALSE,None,craftMetal,1,1,ALL,0,0,FALSE,TRUE,203102,301317,FALSE,0,0,0,0,0,58,0,0,0,150,0,0,0,0,0,0,0,0,0,0,0,0,0,0,0,0,0,0,0,0,0,0,0,0,0,0,0,0,0,0,0,0,0,0,0,0,0,0.1,0,0,0,0,0,0,0,0,0,TRUE
203412,플라즈마아크,0,Armor,Arm,Epic,TRUE,FALSE,None,craftMetal,1,1,ALL,0,0,FALSE,TRUE,203401,401211,FALSE,0,23,0,15,0,0,0,0,0,0,0,0,0,0,0,0,0.24,0,0,0,0,0,0,0,0,0,0,0,0,0,0,0,0,0,0,0,0,0,0,0,0,0,0,0,0,0,0,0,0,0,0,0,0,0,0,0,0,TRUE
203413,텔루리안타임피스,0,Armor,Arm,Legend,TRUE,TRUE,None,craftMetal,1,1,ALL,0,0,FALSE,FALSE,203204,401403,FALSE,0,0,0,13,0,49,0,0,0,0,0,0,0,0,0,0,0.3,0,0,0,0,0,0,0,0,0,0,0,0,0,0,0,0,0,0,0,0,0,0,0,0,0,0,0,0,0,0,0,0,0,0,0,0,0,0,0,0,TRUE
203414,스마트밴드,0,Armor,Arm,Epic,TRUE,FALSE,None,craftMetal,1,1,ALL,0,0,FALSE,TRUE,203305,401212,FALSE,0,24,0,0,0,0,0,0,0,0,0,0,0,0,0,0,0,0,0,0,0,0.12,0,0.07,0,0,0,0,0,0,0,0,0,0,0,0,0,0,0,0,0,0,0,0.08,0,0,0,0,0,0,0,0,0,0,0,0,0,TRUE
203501,스카디의팔찌,0,Armor,Arm,Legend,TRUE,TRUE,None,craftMetal,1,1,ALL,0,0,FALSE,FALSE,203104,205402,FALSE,0,0,0,0,0,68,0,0,0,180,0,350,0,0,1,0,0,0,0,0,0,0,0,0,0,0,0,0,0,0,0,0,0,0,0,0,0,0,0,0,0,0,0,0,0,0,0,0,0,0,0,0,0,0,0,0,0,TRUE
203502,레이더,0,Armor,Arm,Legend,TRUE,FALSE,None,craftMetal,1,1,ALL,0,0,FALSE,FALSE,203405,401208,FALSE,0,0,0,15,0,0,0,0,0,0,0,0,0,0,0,0,0.35,0,0.26,0,0,0,0,0,0,0,0,0,0,0,0,0,0,0,0,0,0,0,0,0,0,0,0,0,0,0,0,0,0,0,0,0,0,0,0,0,0,TRUE
203503,오토암즈,0,Armor,Arm,Legend,TRUE,TRUE,None,craftMetal,1,1,ALL,0,0,FALSE,FALSE,203203,401403,FALSE,0,34,0,25,0,20,0,0,0,0,0,0,0.5,0,0,0,0,0,0,0,0,0,0,0,0,0,0,0,0,0,0,0,0,0,0.05,0,0,0,0,0,0,0,0,0,0,0,0,0,0,0,0,0,0,0,0,0,0,TRUE
203504,프로미넌스,0,Armor,Arm,Legend,TRUE,TRUE,None,craftMetal,1,1,ALL,0,0,FALSE,FALSE,203104,401401,FALSE,0,0,0,0,0,38,0,0,0,245,0,350,0,0,0,0,0,0,0,0,0,0.3,0,0,0,0,0,0,0,0,0,0,0,0,0,0,0,0,0,0,0,0,0,0,0,0,0,0,0,0,0.1,0,0,0,0,0,0,TRUE
203505,가시지네견갑,0,Armor,Arm,Legend,TRUE,TRUE,None,craftMetal,1,1,ALL,0,0,FALSE,FALSE,203402,401209,FALSE,0,0,0,23,0,0,0,0,0,0,0,0,0,0,0,0,0,0,0,0,0,0,0,0,0,0,0,0,0,0,0,0,0,0,0.1,0,0,0,0,0,0,0,0,0,0,0,0,0,0,0,0,0,0,0,0,0,0,TRUE
203506,스포츠시계,0,Armor,Arm,Epic,TRUE,FALSE,None,craftMetal,1,1,ALL,0,0,FALSE,TRUE,401216,203204,FALSE,0,0,0,13,0,30,0,0,0,0,0,0,0,0,0,0,0.25,0,0,0,0,0,0,0,0,0,0,0,0,0,0,0,0,0,0,0,0,0,0,0,0,0,0,0,0,0,0,0,0,0,0,0,0,0,0,0,0,TRUE
203507,틴달로스의군주,0,Armor,Arm,Legend,TRUE,TRUE,None,craftMetal,1,1,ALL,0,0,FALSE,FALSE,203410,401304,FALSE,0,0,0,15,0,57,0,0,0,0,0,400,0,0,0,0,0,0,0,0,0,0.15,0,0,0,0,0,0,0,0,0,0,0,0,0,0,0,0,0,0,0,0,0,0,0,0,0,0,0,0,0.05,0,0,0,0,0,0,TRUE
203508,샤를마뉴의방패,0,Armor,Arm,Legend,TRUE,TRUE,None,craftMetal,1,1,ALL,0,0,FALSE,FALSE,203406,401209,FALSE,0,28,0,22,0,0,0,0,0,0,0,0,0.5,0,0,0,0,0,0,0.21,0,0,0,0,0,0,0,0,0,0,0,0,0,0,0,0,0,0,0,0,0,0,0,0,0,0,0,0,0,0,0,0,0,0,0,0,0,TRUE
203509,혈사조,0,Armor,Arm,Legend,TRUE,TRUE,None,craftMetal,1,1,ALL,0,0,FALSE,FALSE,110101,401401,FALSE,0,12,0,15,0,0,0,0,0,0,0,0,0,0,0,0,0.25,0,0,0,0,0,0,0,0,0,0,0,0,0,0,0,0,0,0,0,0,0,0,0,0,0,0,0.12,0,0,0,0,0,0,0,0,0,0,0,0,0,TRUE
204101,슬리퍼,0,Armor,Leg,Common,FALSE,FALSE,None,craftMetal,1,1,ALL,0,0,FALSE,TRUE,0,0,FALSE,1,0,0,0,0,0,0,0,0,0,0,0,0,0,0,0,0,0,0,0,0,0,0,0,0,0,0.11,0,0,0,0,0,0,0,0,0,0,0,0,0,0,0,0,0,0,0,0,0,0,0,0,0,0,0,0,0,0,TRUE
204102,운동화,0,Armor,Leg,Common,FALSE,FALSE,None,craftMetal,1,1,ALL,0,0,FALSE,TRUE,0,0,FALSE,1,0,0,0,0,0,0,0,0,0,0,0,0,0,0,0,0,0,0,0,0,0,0,0,0,0,0.11,0,0,0,0,0,0,0,0,0,0,0,0,0,0,0,0,0,0,0,0,0,0,0,0,0,0,0,0,0,0,TRUE
204103,타이즈,0,Armor,Leg,Common,FALSE,FALSE,None,craftMetal,1,1,ALL,0,0,FALSE,TRUE,0,0,FALSE,1,0,0,0,0,0,0,0,0,0,0,0,0,0,0,0,0,0,0,0,0,0,0,0,0,0,0.11,0,0,0,0,0,0,0,0,0,0,0,0,0,0,0,0,0,0,0,0,0,0,0,0,0,0,0,0,0,0,TRUE
204201,무릎보호대,0,Armor,Leg,Uncommon,FALSE,FALSE,None,craftMetal,1,1,ALL,0,0,FALSE,TRUE,204103,401116,FALSE,0,0,0,5,0,0,0,0,0,0,0,0,0,0,0,0,0,0,0,0,0,0,0,0,0,0,0.17,0,0,0,0,0,0,0,0,0,0,0,0,0,0,0,0,0,0,0,0,0,0,0,0,0,0,0,0,0,0,TRUE
204202,체인레깅스,0,Armor,Leg,Uncommon,FALSE,FALSE,None,craftMetal,1,1,ALL,0,0,FALSE,TRUE,204103,119101,FALSE,0,0,0,3,0,0,0,0,0,0,0,0,0,0,0,0,0,0,0,0,0,0,0,0,0,0,0.17,0,0,0,0,0,0,0,0,0,0,0,0,0,0,0,0,0,0,0,0,0,0,0,0,0,0,0,0,0,0,TRUE
204203,하이힐,0,Armor,Leg,Uncommon,FALSE,FALSE,None,craftMetal,1,1,ALL,0,0,FALSE,TRUE,204101,401106,FALSE,0,2,0,0,0,0,0,0,0,0,0,0,0,0,0,0,0,0,0,0,0,0,0,0,0,0,0.17,0,0,0,0,0,0,0,0,0,0,0,0,0,0,0,0,0,0,0,0,0,0,0,0,0,0,0,0,0,0,TRUE
204204,힐리스,0,Armor,Leg,Uncommon,FALSE,FALSE,None,craftMetal,1,1,ALL,0,0,FALSE,TRUE,204102,112103,FALSE,0,0,0,0,0,0,0,0,0,0,0,0,0,0,0,0,0,0,0,0,0,0,0,0,0,0,0.17,0,0,0,0,0,0,0,0,0,0,0,0,0,0,0,0,0,0,0,0,0,0,0,0,0.05,0,0,0,0,0,TRUE
204205,나막신,0,Armor,Leg,Uncommon,FALSE,FALSE,None,craftMetal,1,1,ALL,0,0,FALSE,TRUE,108101,105102,FALSE,0,0,0,0,0,0,0,0,0,0,0,0,0,0,0,0,0,0,0,0,0,0,0,0,0,0,0.17,0,0,0,0,0,0,0,0,0,0,0,0,0,0,0,0,0,0,0,0,0,0,0,0,0,0,0,0,0,0,TRUE
204301,덧댄슬리퍼,0,Armor,Leg,Uncommon,FALSE,FALSE,None,craftMetal,1,1,ALL,0,0,FALSE,TRUE,204101,401113,FALSE,0,0,0,0,0,0,0,0,0,0,0,0,0,0,0.5,0,0,0,0,0,0,0,0,0,0,0,0.17,0,0,0,0,0,0,0,0,0,0,0,0,0,0,0,0,0,0,0,0,0,0,0,0,0,0,0,0,0,0,TRUE
204302,부츠,0,Armor,Leg,Uncommon,FALSE,FALSE,None,craftMetal,1,1,ALL,0,0,FALSE,TRUE,204102,401202,FALSE,0,0,0,0,0,0,0,0,0,0,0,0,0.1,0,0,0,0,0,0,0,0,0,0,0,0,0,0.17,0,0,0,0,0,0,0,0,0,0,0,0,0,0,0,0,0,0,0,0,0,0,0,0,0,0,0,0,0,0,TRUE
204303,등산화,0,Armor,Leg,Rare,TRUE,FALSE,None,craftMetal,1,1,ALL,0,0,FALSE,TRUE,204205,112101,FALSE,0,0,0,0,0,0,0,0,0,0,0,0,0,0,0,0,0,0,0,0,0,0,0,0,0,0,0.19,0.08,0,0,0,0,0,0,0,0,0,0,0,0,0,0,0,0,0,0,0,0,0,0,0,0,0,0,0,0,0,TRUE
204304,아이젠,0,Armor,Leg,Epic,TRUE,FALSE,None,craftMetal,1,1,ALL,0,0,FALSE,TRUE,204205,401216,FALSE,0,0,0,0,0,0,0,0,0,0,0,0,0,0,0,0,0,0,0,0,0,0,0,0,0,0,0.27,0,0,0,0,0,0,0,0,0,0,0,0,0,0,0,0,0.08,0,0,0,0,0,0,0,0,0,0,0,0,0,TRUE
204401,강철무릎보호대,0,Armor,Leg,Rare,FALSE,FALSE,None,craftMetal,1,1,ALL,0,0,FALSE,TRUE,204201,401201,FALSE,0,0,0,5,0,0,0,0,0,0,0,0,0,0,0,0,0,0,0,0,0,0,0,0,0,0,0.22,0,0,0,0,0,0,0,0,0,0,0,0,0,0,0,0,0,0,0,0,0,0,0,0,0,0,0,0,0,0,TRUE
204402,경량화부츠,0,Armor,Leg,Epic,TRUE,FALSE,None,craftMetal,1,1,ALL,0,0,FALSE,TRUE,204404,205101,FALSE,0,0,0,0,0,0,0,0,0,0,0,0,0.25,0,0,0,0.32,0,0,0,0,0,0,0,0,0,0.27,0,0,0,0,0,0,0,0,0,0,0,0,0,0,0,0,0,0,0,0,0,0,0,0,0,0,0,0,0,0,TRUE
204403,매버릭러너,0,Armor,Leg,Epic,TRUE,FALSE,None,craftMetal,1,1,ALL,0,0,FALSE,TRUE,204204,501401,FALSE,0,18,0,0,0,0,0,0,0,0,0,0,0,0,0,0,0,0,0,0,0,0,0,0,0,0,0.27,0,0,0,0,0,0,0,0,0,0,0,0,0,0,0,0,0,0,0,0,0,0,0,0,0.2,0,0,0,0,0,TRUE
204404,전투화,0,Armor,Leg,Rare,FALSE,FALSE,None,craftMetal,1,1,ALL,0,0,FALSE,TRUE,204302,401103,FALSE,0,0,0,0,0,0,0,0,0,0,0,0,0.15,0,0,0,0.05,0,0,0,0,0,0,0,0,0,0.22,0,0,0,0,0,0,0,0,0,0,0,0,0,0,0,0,0,0,0,0,0,0,0,0,0,0,0,0,0,0,TRUE
204405,킬힐,0,Armor,Leg,Rare,FALSE,FALSE,None,craftMetal,1,1,ALL,0,0,FALSE,TRUE,204203,205204,FALSE,0,5,0,0,0,0,0,0,0,0,0,0,0,0,0,0,0,0,0.1,0,0,0,0,0,0,0,0.22,0,0,0,0,0,0,0,0,0,0,0,0,0,0,0,0,0,0,0,0,0,0,0,0,0,0,0,0,0,0,TRUE
204406,풍화륜,0,Armor,Leg,Epic,TRUE,FALSE,None,craftMetal,1,1,ALL,0,0,FALSE,TRUE,204301,401210,FALSE,0,0,0,0,0,25,0,0,0,0,0,0,0,0,1,0,0,0,0,0,0,0,0,0,0,0,0.27,0,0,0,0,0,0,0,0,0,0,0,0,0,0,0,0,0,0,0,0,0,0,0,0,0,0,0,0,0,0,TRUE
204407,미스릴부츠,0,Armor,Leg,Legend,TRUE,TRUE,None,craftMetal,1,1,ALL,0,0,FALSE,FALSE,204202,401304,FALSE,0,0,0,13,0,0,0,0,0,0,0,0,0,0,0,0,0.37,0,0,0,0,0,0,0,0,0,0.35,0,0,0,0,0,0,0,0,0,0,0,0,0,0,0,0,0,0,0,0,0,0,0,0,0,0,0,0,0,0,TRUE
204408,부케팔로스,0,Armor,Leg,Epic,TRUE,FALSE,None,craftMetal,1,1,ALL,0,0,FALSE,TRUE,204405,204202,FALSE,0,5,0,5,0,0,0,0,0,0,0,0,0,0,0,0,0,0,0.18,0,0,0,0,0,0,0,0.27,0,0,0,0,0,0,0,0,0,0,0,0,0,0,0,0,0,0,0,0,0,0,0,0,0,0,0,0,0,0,TRUE
204409,EOD부츠,0,Armor,Leg,Epic,TRUE,FALSE,None,craftMetal,1,1,ALL,0,0,FALSE,TRUE,204302,204401,FALSE,0,0,0,13,0,0,0,0,0,0,0,0,0.5,0,0,0,0,0,0,0,0,0,0,0,0,0,0.27,0,0,0,0,0,0,0,0,0,0,0,0,0,0,0,0,0,0,0.2,0,0,0,0,0,0,0,0,0,0,0,TRUE
204411,클링온부츠,0,Armor,Leg,Epic,TRUE,FALSE,None,craftMetal,1,1,ALL,0,0,FALSE,TRUE,204404,401101,FALSE,0,0,0,0,0,0,0,0,0,0,0,0,0.25,0,0,0,0.12,0,0,0,0,0,0,0,0,0,0.27,0,0,0,0,0,0,0,0,0,0,0,0,0,0,0,0,0,0,0,0,0,0,0,0,0,0,0,0,0,0,TRUE
204410,글레이셜슈즈,0,Armor,Leg,Legend,TRUE,TRUE,None,craftMetal,1,1,ALL,0,0,FALSE,FALSE,204301,205402,FALSE,0,0,0,0,0,28,1,0,0,0,0,0,0,0,2,0,0,0,0,0,0,0,0,0,0,0,0.32,0,0,0,0,0,0,0,0,0,0,0,0,0,0,0,0,0,0,0,0,0,0,0,0,0,0,0,0,0,0,TRUE
204412,타키온브레이스,0,Armor,Leg,Epic,TRUE,FALSE,None,craftMetal,1,1,ALL,0,0,FALSE,TRUE,204201,401303,FALSE,0,0,0,5,0,0,0,0,0,0,0,0,0,0,0,0,0,0,0,0,0,0.1,0,0,0,0,0.27,0,0,0,0,0,0,0,0,0,0,0,0,0,0,0,0,0,0,0,0,0,0,0,0,0,0,0,0,0,0,TRUE
204413,탭루트,0,Armor,Leg,Legend,TRUE,TRUE,None,craftMetal,1,1,ALL,0,0,FALSE,FALSE,204205,401401,FALSE,0,0,0,0,0,0,0,0,0,0,0,0,0,0,0,0,0,0,0,0,0,0.25,0,0,0,0,0.35,0,0,0,0,0,0,0,0,0,0,0,0,0,0,0,0,0,0,0,0,0,0,0,0.1,0,0,0,0,0,0,TRUE
204414,아이언메이든,0,Armor,Leg,Legend,TRUE,TRUE,None,craftMetal,1,1,ALL,0,0,FALSE,FALSE,204304,401209,FALSE,0,0,0,0,0,0,0,0,0,0,0,0,0,0,0,0,0,0,0,0,0,0,0,0,0,0,0.32,0,0,0,0,0,0,0,0,0,0,0,0,0,0,0,0,0.13,0,0,0,0,0,0,0,0,0,0,0,0,0,TRUE
204415,SCV,0,Armor,Leg,Epic,TRUE,FALSE,None,craftMetal,1,1,ALL,0,0,FALSE,TRUE,401212,401303,FALSE,0,0,0,0,0,10,0,0,0,0,0,0,0,0,0,0,0,0,0,0,0,0,0,0.11,0,0,0.27,0,0,0,0,0,0,0,0,0,0,0,0,0,0,0,0,0,0,0,0,0,0,0,0,0,0,0,0,0,0,TRUE
204501,헤르메스의부츠,0,Armor,Leg,Legend,TRUE,TRUE,None,craftMetal,1,1,ALL,0,0,FALSE,FALSE,204204,401403,FALSE,0,0,0,19,0,0,0,0,0,0,0,0,0,0,0,0,0,0,0,0,0,0,0,0,0,0,0.35,0,0,0,0,0,0,0,0,0,0,0,0,0,0,0,0,0,0,0,0,0,0,0,0,0.25,0,0,0,0,0,TRUE
204502,분홍신,0,Armor,Leg,Legend,TRUE,TRUE,None,craftMetal,1,1,ALL,0,0,FALSE,FALSE,204203,401401,FALSE,0,17,0,0,0,0,0,0,0,0,0,0,0,0,0,0,0,0,0,0,0,0,0,0.14,0,0,0.35,0,0,0,0,0,0,0,0,0,0,0,0,0,0,0,0,0,0,0,0,0,0,0,0,0,0,0,0,0,0,TRUE
204503,블레이드부츠,0,Armor,Leg,Legend,TRUE,TRUE,None,craftMetal,1,1,ALL,0,0,FALSE,FALSE,204411,401209,FALSE,0,8,0,0,0,0,0,0,0,0,0,0,0.25,0,0,0,0.13,0,0,0,0,0,0,0,0,0,0.32,0,0,0,0,0,0,0,0,0,0,0,0,0,0,0,0,0,0,0,0,0,0,0,0,0,0,0,0,0,0,TRUE
204504,알렉산드로스,0,Armor,Leg,Legend,TRUE,TRUE,None,craftMetal,1,1,ALL,0,0,FALSE,FALSE,204408,401208,FALSE,0,8,0,7,0,0,0,0,0,0,0,0,0,0,0,0,0,0,0.24,0,0,0,0,0,0,0,0.32,0,0,0,0,0,0,0,0,0,0,0,0,0,0,0,0,0,0,0,0,0,0,0,0,0,0,0,0,0,0,TRUE
205101,깃털,0,Armor,Trinket,Common,FALSE,FALSE,None,craftMetal,1,1,ALL,0,0,FALSE,TRUE,0,0,FALSE,1,0,0,0,0,0,0,0,0,0,0,0,0,0,0,0,0,0,0,0,0,0,0,0,0,0,0,0,0,0,0,0,0,0,0,0,0,0,0,0,0,0,0,0,0,0,0,0,0,0,0,0,0.04,0,0,0,0,TRUE
205103,리본,0,Armor,Trinket,Common,FALSE,FALSE,None,craftMetal,1,1,ALL,0,0,FALSE,TRUE,0,0,FALSE,1,0,0,0,0,0,0,0,0,0,0,0,0,0,0,0,0,0,0,0,0,0,0,0,0.05,0,0,0,0,0,0,0,0,0,0,0,0,0,0,0,0,0,0,0,0,0,0,0,0,0,0,0,0,0,0,0,0,TRUE
205105,부채,0,Armor,Trinket,Common,FALSE,FALSE,None,craftMetal,1,1,ALL,0,0,FALSE,TRUE,0,0,FALSE,1,0,0,0,0,8,0,0,0,0,0,0,0,0,0,0,0,0,0,0,0,0,0,0,0,0,0,0,0,0,0,0,0,0,0,0,0,0,0,0,0,0,0,0,0,0,0,0,0,0,0,0,0,0,0,0,0,TRUE
205106,불경,0,Armor,Trinket,Common,FALSE,FALSE,None,craftMetal,1,1,ALL,0,0,FALSE,TRUE,0,0,FALSE,1,0,0,0,0,8,0,0,0,0,0,0,0,0,0,0,0,0,0,0,0,0,0,0,0,0,0,0,0,0,0,0,0,0,0,0,0,0,0,0,0,0,0,0,0,0,0,0,0,0,0,0,0,0,0,0,0,TRUE
205107,상자,0,Armor,Trinket,Common,FALSE,FALSE,None,craftMetal,1,1,ALL,0,0,FALSE,TRUE,0,0,FALSE,1,0,0,0,0,0,0,0,0,45,0,0,0,0,0,0,0,0,0,0,0,0,0,0,0,0,0,0,0,0,0,0,0,0,0,0,0,0,0,0,0,0,0,0,0,0,0,0,0,0,0,0,0,0,0,0,0,TRUE
205108,성배,0,Armor,Trinket,Common,FALSE,FALSE,None,craftMetal,1,1,ALL,0,0,FALSE,TRUE,0,0,FALSE,1,0,0,0,0,0,0,0,0,0,0,0,0.3,0,0,0,0,0,0,0,0,0,0,0,0,0,0,0,0,0,0,0,0,0,0,0,0,0,0,0,0,0,0,0,0,0,0,0,0,0,0,0,0,0,0,0,0,TRUE
205109,십자가,0,Armor,Trinket,Common,FALSE,FALSE,None,craftMetal,1,1,ALL,0,0,FALSE,TRUE,0,0,FALSE,1,3,0,0,0,0,0,0,0,0,0,0,0,0,0,0,0,0,0,0,0,0,0,0,0,0,0,0,0,0,0,0,0,0,0,0,0,0,0,0,0,0,0,0,0,0,0,0,0,0,0,0,0,0,0,0,0,TRUE
205110,쌍안경,0,Armor,Trinket,Common,FALSE,FALSE,None,craftMetal,1,1,ALL,0,0,FALSE,TRUE,0,0,FALSE,1,2,0,0,0,0,0,0,0,0,0,0,0,0,0,0,0,0,0,0,0,0,0,0,0,0,0,0,0.5,0,0,0,0,0,0,0,0,0,0,0,0,0,0,0,0,0,0,0,0,0,0,0,0,0,0,0,0,TRUE
205202,성자의유산,0,Armor,Trinket,Uncommon,FALSE,FALSE,None,craftMetal,1,1,ALL,0,0,FALSE,TRUE,205109,205108,FALSE,0,8,0,0,0,0,0,0,0,0,0,0,0.5,0,0,0,0,0,0,0,0,0,0,0,0,0,0,0,0,0,0,0,0,0,0,0,0,0,0,0,0,0,0,0,0,0,0,0,0,0,0,0,0,0,0,0,0,TRUE
205203,운명의꽃,0,Armor,Trinket,Uncommon,FALSE,FALSE,None,craftMetal,1,1,ALL,0,0,FALSE,TRUE,205102,113102,FALSE,0,0,0,0,0,0,0,0,0,0,0,0,0,0,0,0,0,0,0.07,0,0,0.08,0,0,0,0,0,0,0,0,0,0,0,0,0,0,0,0,0,0,0,0,0,0,0,0,0,0,0,0,0,0,0,0,0,0,0,TRUE
205204,유리조각,0,Armor,Trinket,Uncommon,FALSE,FALSE,None,craftMetal,1,1,ALL,0,0,FALSE,TRUE,112104,112101,FALSE,0,0,0,0,0,0,0,0,0,0,0,0,0,0,0,0,0,0,0.07,0,0,0,0,0,0,0,0,0,0,0,0,0,0,0,0,0,0,0,0,0,0,0,0,0,0,0,0,0,0,0,0,0,0,0,0,0,0,TRUE
205205,인형,0,Armor,Trinket,Uncommon,FALSE,FALSE,None,craftMetal,1,1,ALL,0,0,FALSE,TRUE,205103,401113,FALSE,0,0,0,0,0,0,0,0,0,0,0,0,0,0,0.5,0,0,0,0,0,0,0,0,0,0.06,0,0,0,0,0,0,0,0,0,0,0,0,0,0,0,0,0,0,0,0,0,0,0,0,0,0,0,0,0,0,0,0,TRUE
205206,저격스코프,0,Armor,Trinket,Uncommon,FALSE,FALSE,None,craftMetal,1,1,ALL,0,0,FALSE,TRUE,401108,205110,FALSE,0,8,0,0,0,0,0,0,0,0,0,0,0,0,0,0,0,0,0,0,0,0,0,0,0,0,0,0,1,0,0,0,0,0,0,0,0,0,0,0,0,0,0,0,0,0,0,0,0,0,0,0,0,0,0,0,0,TRUE
205207,진신사리,0,Armor,Trinket,Uncommon,FALSE,FALSE,None,craftMetal,1,1,ALL,0,0,FALSE,TRUE,205106,202103,FALSE,0,0,0,0,0,12,0,0,0,0,0,0,0,0,0,0,0,0,0,0,0,0.05,0,0,0,0,0,0,0,0,0,0,0,0,0,0,0,0,0,0,0,0,0,0,0,0,0,0,0,0,0,0,0,0,0,0,0,TRUE
205208,화살통,0,Armor,Trinket,Uncommon,FALSE,FALSE,None,craftMetal,1,1,ALL,0,0,FALSE,TRUE,205101,108103,FALSE,0,0,0,0,0,0,0,0,0,0,0,0,0,0,0,0,0.12,0,0,0,0,0,0,0,0,0,0,0,0,0,0,0,0,0,0,0,0,0,0,0,0,0,0,0,0,0,0,0,0,0,0,0,0.04,0,0,0,0,TRUE
205209,먼지털이개,0,Armor,Trinket,Uncommon,FALSE,FALSE,None,craftMetal,1,1,ALL,0,0,FALSE,TRUE,108102,205101,FALSE,0,9,0,0,0,0,0,0,0,0,0,0,0,0,0,0,0,0,0,0,0,0,0,0,0,0,0,0,0,0,0,0,0,0,0,0,0,0,0,0,0,0,0,0,0,0,0,0,0,0,0,0,0.06,0,0,0,0,TRUE
205210,군선,0,Armor,Trinket,Uncommon,FALSE,FALSE,None,craftMetal,1,1,ALL,0,0,FALSE,TRUE,205105,401101,FALSE,0,0,0,0,0,12,0,0,0,0,0,0,0,0,0,0,0,0,0,0,0,0,0,0,0,0,0,0,0,0,0,0,0,0,0,0,0,0,0,0,0,0,0,0,0,0,0,0,0,0,0,0,0,0,0,0,0,TRUE
205211,비파단도,0,Armor,Trinket,Uncommon,FALSE,FALSE,None,craftMetal,1,1,ALL,0,0,FALSE,TRUE,102101,401109,FALSE,0,5,0,0,0,12,0,0,0,0,0,0,0,0,0,0,0,0,0,0,0,0,0,0,0,0,0,0,0,0,0,0,0,0,0,0,0,0,0,0,0,0,0,0,0,0,0,0,0,0,0,0,0,0,0,0,0,TRUE
205212,캐리비안장식총,0,Armor,Trinket,Uncommon,FALSE,FALSE,None,craftMetal,1,1,ALL,0,0,FALSE,TRUE,116101,205103,FALSE,0,10,0,0,0,0,0,0,0,0,0,0,0,0,0,0,0,0,0,0,0,0,0,0,0.06,0,0,0,0,0,0,0,0,0,0,0,0,0,0,0,0,0,0,0,0,0,0,0,0,0,0,0,0,0,0,0,0,TRUE
205213,사격교본,0,Armor,Trinket,Uncommon,FALSE,FALSE,None,craftMetal,1,1,ALL,0,0,FALSE,TRUE,115101,117101,FALSE,0,8,0,0,0,0,0,0,0,0,0,0,0,0,0,0,0,0,0,0,0,0,0,0,0,0,0,0,0,0,0,0,0,0,0,0,0,0,0,0,0,0,0,0,0,0,0,0,0,0,0,0,0,0,0,0,0,TRUE
205302,우치와,0,Armor,Trinket,Rare,TRUE,FALSE,None,craftMetal,1,1,ALL,0,0,FALSE,TRUE,205205,205105,FALSE,0,0,0,0,0,30,0,0,0,0,0,0,0,0,0.7,0,0,0,0,0,0,0,0,0.08,0,0,0,0,0,0,0,0,0,0,0,0,0,0,0,0,0,0,0,0,0,0,0,0,0,0,0,0,0,0,0,0,0,TRUE
205303,탄창,0,Armor,Trinket,Rare,FALSE,FALSE,None,craftMetal,1,1,ALL,0,0,FALSE,TRUE,205107,401213,FALSE,0,0,0,0,0,0,0,0,0,90,0,0,0,0,0,0,0,0,0,0,0,0,0,0,0,0,0,0,0,0,0,0,0,0,0,0,0,0,0,0,0,0,0,0,0,0,0,0,0,0,0,0,0,0,0,0,0,TRUE
205201,백우선,0,Armor,Trinket,Rare,TRUE,FALSE,None,craftMetal,1,1,ALL,0,0,FALSE,TRUE,205210,205101,FALSE,0,0,0,0,0,17,0,0,0,0,0,0,0,0,0,0,0,0,0,0,0,0,0,0,0,0,0,0,0,0,0,0,0,0,0,0,0,0,0,0,0,0,0,0,0,0,0,0,0,0,0,0,0.04,0,0,0,0,TRUE
205401,달빛펜던트,0,Armor,Trinket,Legend,TRUE,TRUE,None,craftMetal,1,1,ALL,0,0,FALSE,FALSE,205103,401301,FALSE,0,26,0,0,0,0,0,0,0,0,0,0,0,0,0,0,0,0,0,0,0,0,0,0.12,0,0,0,0,1,0,0,0,0,0,0,0,0,0,0,0,0,0,0,0,0,0,0,0,0,0,0,0,0,0,0,0,0,TRUE
205304,궁기병의화살통,0,Armor,Trinket,Rare,TRUE,FALSE,None,craftMetal,1,1,ALL,0,0,FALSE,TRUE,205208,108102,FALSE,0,10,0,0,0,0,0,0,0,0,0,0,0,0,0,0,0.28,0,0,0,0,0,0,0,0,0,0,0,0,0,0,0,0,0,0,0,0,0,0,0,0,0,0,0,0,0,0,0,0,0,0,0,0.04,0,0,0,0,TRUE
205305,월왕구천,0,Armor,Trinket,Rare,TRUE,FALSE,None,craftMetal,1,1,ALL,0,0,FALSE,TRUE,205211,401212,FALSE,0,10,0,0,0,35,0,0,0,0,0,0,0,0,0,0,0,0,0,0,0,0,0,0,0,0,0,0,0,0,0,0,0,0,0,0,0,0,0,0,0,0,0,0,0,0,0,0,0,0,0,0,0,0,0,0,0,TRUE
205306,해적의증표,0,Armor,Trinket,Rare,TRUE,FALSE,None,craftMetal,1,1,ALL,0,0,FALSE,TRUE,205212,101104,FALSE,0,15,0,0,0,0,0,0,0,0,0,0,0,0,0,0,0,0,0.19,0,0,0,0,0,0.06,0,0,0,0,0,0,0,0,0,0,0,0,0,0,0,0,0,0,0,0,0,0,0,0,0,0,0,0,0,0,0,0,TRUE
205307,호크아이,0,Armor,Trinket,Rare,TRUE,FALSE,None,craftMetal,1,1,ALL,0,0,FALSE,TRUE,205213,205206,FALSE,0,14,0,0,0,0,0,0,0,0,0,0,0,0,0,0,0,0,0,0,0,0,0,0,0,0,0,0,1,0,0,0,0,0,0,0,0,0,0,0,0,0,0,0,0,0,0,0,0,0,0,0,0,0,0,0,0,TRUE
205404,슈뢰딩거의상자,0,Armor,Trinket,Rare,TRUE,FALSE,None,craftMetal,1,1,ALL,0,0,FALSE,TRUE,205107,401302,FALSE,0,0,0,0,0,7,0,0,0,110,0,0,0,0,0,0,0,0,0,0,0,0,0,0,0,0,0,0,0,0,0,0,0,0,0,0,0,0,0,0,0,0,0,0,0,0,0,0,0,0,0,0,0,0,0,0,0,TRUE
205405,진리는나의빛,0,Armor,Trinket,Rare,TRUE,FALSE,None,craftMetal,1,1,ALL,0,0,FALSE,TRUE,205207,205202,FALSE,0,8,0,0,0,24,0,0,0,0,0,0,0,0,0,0,0,0,0,0,0,0.08,0,0,0,0,0,0,0,0,0,0,0,0,0,0,0,0,0,0,0,0,0,0,0,0,0,0,0,0,0,0,0,0,0,0,0,TRUE
205308,해적깃발,0,Armor,Trinket,Rare,TRUE,FALSE,None,craftMetal,1,1,ALL,0,0,FALSE,TRUE,205209,205212,FALSE,0,10,0,0,0,0,0,0,0,0,0,0,0,0,0,0,0,0,0,0,0,0,0,0,0.08,0,0,0,0,0,0,0,0,0,0,0,0,0,0,0,0,0,0,0,0,0,0,0,0,0,0,0,0,0,0,0,0,TRUE
205309,오르골,0,Armor,Trinket,Rare,TRUE,FALSE,None,craftMetal,1,1,ALL,0,0,FALSE,TRUE,205107,401303,FALSE,0,0,0,0,0,0,0,0,0,130,0,0,0,0,0,0,0.28,0,0,0,0,0,0,0,0,0,0,0,0,0,0,0,0,0,0,0,0,0,0,0,0,0,0,0,0,0,0,0,0,0,0,0,0,0,0,0,0,TRUE
205310,능동위장,0,Armor,Trinket,Rare,TRUE,FALSE,None,craftMetal,1,1,ALL,0,0,FALSE,TRUE,205303,202205,FALSE,0,0,0,9,0,0,0,0,0,100,8,0,0,0,0,0,0,0,0,0,0,0,0,0,0,0,0,0,0,0,0,0,0,0,0,0,0,0,0,0,0,0,0,0,0,0,0,0,0,0,0,0,0,0,0,0,0,TRUE
205311,마도서,0,Armor,Trinket,Rare,TRUE,FALSE,None,craftMetal,1,1,ALL,0,0,FALSE,TRUE,401218,205203,FALSE,0,0,0,0,0,21,0,0,0,0,0,0,0,0,0,0,0,0,0,0,0,0,0,0,0,0,0,0,0,0,0,0,0,0,0,0,0,0,0,0,0,0,0,0,0,0,0,0,0,0,0,0,0,0,0,0,0,TRUE
205312,아이테르깃털,0,Armor,Trinket,Rare,TRUE,FALSE,None,craftMetal,1,1,ALL,0,0,FALSE,TRUE,205101,205203,FALSE,0,0,0,0,0,0,0,0,0,0,0,0,0,0,0,0,0,0,0.22,0,0,0.12,0,0,0,0,0,0,0,0,0,0,0,0,0,0,0,0,0,0,0,0,0,0,0,0,0,0,0,0,0,0,0.06,0,0,0,0,TRUE
205313,파일벙커,0,Armor,Trinket,Rare,TRUE,FALSE,None,craftMetal,1,1,ALL,0,0,FALSE,TRUE,401303,401101,FALSE,0,15,0,0,0,0,0,0,0,0,0,0,0,0,0,0,0.1,0,0,0,0,0,0,0,0,0,0,0,0,0,0,0,0,0,0,0,0,0,0,0,0,0,0,0,0,0,0,0,0,0,0,0,0,0,0,0,0,TRUE
205406,요명월,0,Armor,Trinket,Legend,TRUE,TRUE,None,craftMetal,1,1,ALL,0,0,FALSE,FALSE,302103,401301,FALSE,0,15,0,9,0,0,0,0,0,0,0,0,0,0,1,0,0,0,0,0,0,0,0,0,0,0,0,0,2,0,0,0,0,0,0,0,0,0,0,0,0,0,0,0,0,0,0,0,0,0,0,0,0,0,0,0,0,TRUE
205407,미스릴퀴버,0,Armor,Trinket,Legend,TRUE,TRUE,None,craftMetal,1,1,ALL,0,0,FALSE,FALSE,205208,401304,FALSE,0,0,0,6,0,0,0,0,0,0,0,0,0,0,0,0,0.33,0,0,0,0,0,0,0,0,0,0.04,0,0,0,0,0,0,0,0,0,0,0,0,0,0,0,0,0,0,0,0,0,0,0,0,0,0,0,0,0,0,TRUE
205408,살라딘의화살통,1,Armor,Trinket,Legend,TRUE,TRUE,None,craftMetal,1,1,ALL,0,0,FALSE,FALSE,205304,401301,FALSE,0,12,0,0,0,0,0,0,0,0,0,0,0,0,0,0,0.33,0,0,0,0,0,0,0,0,0,0.08,0,0,0,0,0,0,0,0,0,0,0,0,0,0,0,0,0,0,0,0,0,0,0,0,0,0,0,0,0,0,TRUE
205409,살라딘의화살통MkII,14,Armor,Trinket,Legend,TRUE,TRUE,None,craftMetal,1,1,ALL,0,0,FALSE,FALSE,205304,401301,FALSE,0,12,0,0,0,0,0,0,0,0,0,0,0,0,0,0,0.33,0,0,0,0,0,0,0,0,0,0.06,0,0,0,0,0,0,0,0,0,0,0,0,0,0,0,0,0,0,0,0,0,0,0,0,0,0,0,0,0,0,TRUE
205501,운명의주사위,0,Armor,Trinket,Legend,TRUE,TRUE,None,craftMetal,1,1,ALL,0,0,FALSE,FALSE,205203,401403,FALSE,0,15,0,0,0,0,0,0,0,0,0,0,0,0,0,0,0,0,0.22,0.09,0,0.1,0,0,0,0,0,0,0,0,0,0,0,0,0,0,0,0,0,0,0,0,0,0,0,0,0,0,0,0,0,0,0,0,0,0,0,TRUE
205502,파초선,0,Armor,Trinket,Legend,TRUE,TRUE,None,craftMetal,1,1,ALL,0,0,FALSE,FALSE,205210,401401,FALSE,0,0,0,0,0,0,0,0,0,0,0,0,0,0,0,0,0,0,0,0,0,0.12,0,0,0,0,0,0,0,0,0,0,0,0,0,0,0,0,0,0,0,0,0,0,0,0,0,0,0,0,0,0,0,0,0,0,0.15,TRUE
205503,쿤달라,1,Armor,Trinket,Legend,TRUE,TRUE,None,craftMetal,1,1,ALL,0,0,FALSE,FALSE,401301,401214,FALSE,0,0,0,0,0,28,0,0,0,0,0,0,0,0,0,0,0,0,0,0,0,0,0,0,0,0,0,0,1,0,0,0,0,0,0,0,0,0,0,0,0,0,0,0,0,0,0,0,0,0,0,0,0,0,0,0,0,TRUE
205506,쿤달라MkII,14,Armor,Trinket,Legend,TRUE,TRUE,None,craftMetal,1,1,ALL,0,0,FALSE,FALSE,401301,401214,FALSE,0,0,0,9,0,35,0,0,0,0,0,0,0,0,0,0,0,0,0,0,0,0,0,0,0,0,0,0,1,0,0,0,0,0,0,0,0,0,0,0,0,0,0,0,0,0,0,0,0,0,0,0,0,0,0,0,0,TRUE
205504,아티팩트,6,Armor,Trinket,Legend,TRUE,TRUE,None,craftMetal,1,1,ALL,0,0,FALSE,FALSE,401118,401208,FALSE,0,14,0,5,0,20,0,0,0,0,0,0,0,0,0,0,0,0,0,0,0,0,0,0,0,0,0,0,0,0,0,0,0,0,0,0,0,0,0,0,0,0,0,0,0,0,0,0,0,0,0,0,0,0,0,0,0,TRUE
205507,네크로노미콘,0,Armor,Trinket,Legend,TRUE,TRUE,None,craftMetal,1,1,ALL,0,0,FALSE,FALSE,401218,401401,FALSE,0,0,0,0,0,47,0,0,0,0,0,0,0,0,0,0,0,0,0,0,0,0,0,0,0,0,0,0,0,0,0,0,0,0,0,0,0,0,0,0,0,0,0,0,0,0,0,0,0,0,0,0,0,0,0,0,0.15,TRUE
205505,호루스의눈,0,Armor,Trinket,Legend,TRUE,TRUE,None,craftMetal,1,1,ALL,0,0,FALSE,FALSE,401109,401208,FALSE,0,0,0,0,0,34,0,0,0,0,0,0,0,0,0,0,0,0,0,0,0,0,0,0,0,0,0,0,1,0,0,0,0,0,0,0,0,0,0,0,0,0,0,0,0,0,0,0,0,0,0,0,0,0,0,0,0,TRUE
205508,에메랄드타블렛,0,Armor,Trinket,Legend,TRUE,TRUE,None,craftMetal,1,1,ALL,0,0,FALSE,FALSE,401218,401304,FALSE,0,0,0,0,0,40,0,0,0,0,0,0,0,0,0,0,0,0,0,0,0,0.12,0,0,0,0,0.06,0,0,0,0,0,0,0,0,0,0,0,0,0,0,0,0,0,0,0,0,0,0,0,0,0,0,0,0,0,0,TRUE
702503,성법의MK2,8,Armor,Chest,Legend,TRUE,TRUE,None,craftMetal,1,1,ALL,0,0,FALSE,FALSE,0,0,FALSE,0,45,0,25,0,35,0,0,0,200,0,0,0,0,0,0,0,0,0,0,0,0,0,0,0,0,0,0,0,0,0,0,0,0,0,0,0,0,0,0,0,0,0,0,0,0,0,0,0,0,0,0,0,0,0,0,0,TRUE
705601,미니어쳐솔라시스템,8,Armor,Trinket,Mythic,TRUE,TRUE,None,craftMetal,1,1,ALL,0,0,FALSE,FALSE,0,0,FALSE,0,20,0,20,0,0,0,0,0,200,0,0,0,0,0,0,0,0,0,0,0,0,0,0,0,0,0,0,0,0,0,0,0,0,0,0,0,0,0,0,0,0,0,0,0,0,0,0,0,0,0,0,0,0,0,0,0,TRUE
705602,코발트블루,8,Armor,Trinket,Mythic,TRUE,TRUE,None,craftMetal,1,1,ALL,0,0,FALSE,FALSE,0,0,FALSE,0,0,0,20,0,0,0,0,0,200,0,0,0,0,0,0,0.08,0,0,0,0,0,0,0,0,0,0,0,0,0,0,0,0,0,0,0,0,0,0,0,0,0,0,0.1,0,0,0,0,0,0,0,0,0,0,0,0,0,TRUE
705603,하트 온 파이어,8,Armor,Trinket,Mythic,TRUE,TRUE,None,craftMetal,1,1,ALL,0,0,FALSE,FALSE,0,0,FALSE,0,0,0,0,0,0,0,0,0,0,0,0,0,0,0,0,0,0,0,0,0,0,0,0,0,0,0.1,0,0,0,0,0,0,0,0,0,0,0,0,0,0,0,0,0,0,0,0,0,0,0,0,0,0,0,0,0,0,TRUE
705604,클라다 반지,6,Armor,Trinket,Mythic,TRUE,TRUE,None,craftMetal,1,1,ALL,0,0,TRUE,FALSE,0,0,FALSE,0,0,0,0,0,0,0,0,0,80,0,0,0,0,0,0,0,0,0,0,0,0.08,0,0,0,0,0,0,0,0,0,0,0,0,0,0,0,0,0,0,0,0,0,0,0,0,0,0,0,0,0,0,0,0,0,0,0,TRUE
705605,머큐리,8,Armor,Trinket,Mythic,TRUE,TRUE,None,craftMetal,1,1,ALL,0,0,FALSE,FALSE,0,0,FALSE,0,0,0,0,0,20,0,0,0,200,0,0,0,0,0,0,0,0,0,0,0,0.12,0,0,0,0,0,0,0,0,0,0,0,0,0,0,0,0,0,0,0,0,0,0,0,0,0,0,0,0,0,0,0,0,0,0,0,TRUE
705606,아크 리액터,7,Armor,Trinket,Mythic,TRUE,TRUE,None,craftMetal,1,1,ALL,0,0,TRUE,FALSE,0,0,FALSE,0,0,0,0,0,0,0,0,0,0,0,0,0,0,0,0,0.15,0,0,0,0,0.1,0,0,0,0,0,0,0,0,0,0,0,0,0,0,0,0,0,0,0,0,0,0,0,0,0,0,0,0,0,0,0,0,0,0,0,TRUE
705607,토템,8,Armor,Trinket,Mythic,TRUE,TRUE,None,craftMetal,1,1,ALL,0,0,FALSE,FALSE,0,0,FALSE,0,0,0,20,0,0,0,0,0,0,0,0,0,0,0,0,0,0,0,0,0,0.1,0,0,0,0,0,0,0,0,0,0,0,0,0,0,0,0,0,0,0,0,0,0,0,0,0,0,0,0,0,0,0,0,0,0,0,TRUE
705608,임세티,8,Armor,Trinket,Mythic,TRUE,TRUE,None,craftMetal,1,1,ALL,0,0,FALSE,FALSE,0,0,FALSE,0,0,0,0,0,20,0,0,0,0,0,0,0,0,0,0,0,0,0.15,0,0,0,0,0,0,0,0.1,0,0,0,0,0,0,0,0,0,0,0,0,0,0,0,0,0,0,0,0,0,0,0,0,0,0,0,0,0,0,TRUE
705609,프시케의칼날,7,Armor,Trinket,Mythic,TRUE,TRUE,None,craftMetal,1,1,ALL,0,0,TRUE,FALSE,0,0,FALSE,0,10,0,0,0,10,0,0,0,0,0,0,0,0,0,0,0,0,0,0,0,0,0,0,0,0,0,0,0,0,0,0,0,0,0,0,0,0,0,0,0,0,0,0,0,0,0,0,0,0,0,0,0,0,0,0,0,TRUE
705610,영웅의기록,7,Armor,Trinket,Mythic,TRUE,TRUE,None,craftMetal,1,1,ALL,0,0,TRUE,FALSE,0,0,FALSE,0,10,0,0,0,10,0,0,0,0,0,0,0,0,0,0,0,0,0,0,0,0,0,0,0,0,0,0,0,0,0,0,0,0,0,0,0,0,0,0,0,0,0,0,0,0,0,0,0,0,0,0,0,0,0,0,0,TRUE
705611,E.M.O.T.E,7,Armor,Trinket,Mythic,TRUE,TRUE,None,craftMetal,1,1,ALL,0,0,TRUE,FALSE,0,0,FALSE,0,0,0,0,0,0,0,0,0,0,0,0,0,0,0,0,0.15,0,0,0,0,0.1,0,0,0,0,0,0,0,0,0,0,0,0,0,0,0,0,0,0,0,0,0,0,0,0,0,0,0,0,0,0,0,0,0,0,0,TRUE
705612,클라다 반지MK2,8,Armor,Trinket,Mythic,TRUE,TRUE,None,craftMetal,1,1,ALL,0,0,FALSE,FALSE,0,0,FALSE,0,0,0,20,0,0,0,0,0,200,0,0,0,0,0,0,0,0,0,0,0,0.12,0,0,0,0,0,0,0,0,0,0,0,0,0,0,0,0,0,0,0,0,0,0,0,0,0,0,0,0,0,0,0,0,0,0,0,TRUE
705613,아크 리액터MK2,8,Armor,Trinket,Mythic,TRUE,TRUE,None,craftMetal,1,1,ALL,0,0,FALSE,FALSE,0,0,FALSE,0,12,0,0,0,20,0,0,0,0,0,0,0,0,0,0,0.12,0,0,0,0,0,0,0,0,0,0,0,0,0,0,0,0,0,0,0,0,0,0,0,0,0,0,0,0,0,0,0,0,0,0,0,0,0,0,0,0,TRUE
705504,아티팩트MK2,8,Armor,Trinket,Mythic,TRUE,TRUE,None,craftMetal,1,1,ALL,0,0,FALSE,FALSE,0,0,FALSE,0,0,0,20,0,0,0,0,0,0,0,0,0,0,0,0,0.18,0,0,0,0,0,0,0,0,0,0,0,0,0,0,0,0,0,0,0,0,0,0,0,0,0,0,0.12,0,0,0,0,0,0,0,0,0,0,0,0,0,TRUE
702601,이단심판관,8,Armor,Chest,Mythic,TRUE,TRUE,None,craftMetal,1,1,ALL,0,0,FALSE,FALSE,0,0,FALSE,0,30,0,17,0,25,0,0,0,0,0,0,0,0,0,0,0,0,0,0,0,0,0,0.12,0,0,0,0,0,0,0,0,0,0,0,0,0,0,0,0,0,0,0,0,0,0,0,0,0,0,0,0,0,0,0,0,0,TRUE
701451,택티컬바이저,0,Armor,Head,Legend,TRUE,TRUE,None,craftMetal,1,1,EXCEPT,51,0,FALSE,FALSE,201406,401208,FALSE,0,0,0,17,0,0,0,0,0,145,0,0,0,0,0,0,0.38,0,0,0,0,0.12,0,0,0,0,0,0,1,0,0,0,0,0,0,0,0,0,0,0,0,0,0,0,0,0,0,0,0,0,0,0,0,0,0,0,0,TRUE
705502,파초선MK2,8,Armor,Trinket,Mythic,TRUE,TRUE,None,craftMetal,1,1,ALL,0,0,FALSE,FALSE,0,0,FALSE,0,0,0,0,0,30,0,0,0,0,0,0,0,0,0,0,0,0,0,0,0,0.08,0,0,0,0,0,0,0,0,0,0,0,0,0,0,0,0,0,0,0,0,0,0,0,0,0,0,0,0,0.1,0,0,0,0,0,0,TRUE
