name,code,characterCode,index,grade,purchaseType,effectsPath,projectilesPath,objectPath,fxSoundPath,voicePath,weaponMountPath,weaponMountCommonPath,indicatorPath,projectilesDeflectorPath
재키,1001000,1,0,1,FREE,Effects/Jackie/S000,Projectiles/Jackie/S000,,Sound/FX/Jackie/S000,Sound/VOICE/Jackie/S000,Weapons/Jackie/S000,Weapons/Common/C000,,
처형자 재키,1001001,1,1,2,SHOP,Effects/Jackie/S000,Projectiles/Jackie/S000,,Sound/FX/Jackie/S000,Sound/VOICE/Jackie/S000,Weapons/Jackie/S001,Weapons/Common/C000,,
스칼렛 코사지 재키,1001002,1,2,3,SHOP,Effects/Jackie/S002,Projectiles/Jackie/S000,,Sound/FX/Jackie/S002,Sound/VOICE/Jackie/S002,Weapons/Jackie/S002,Weapons/Common/C000,,
시스템쇼크 재키,1001003,1,3,4,SEASON_PASS,Effects/Jackie/S003,Projectiles/Jackie/S000,,Sound/FX/Jackie/S003,Sound/VOICE/Jackie/S003,Weapons/Jackie/S003,Weapons/Common/C000,,
아야,1002000,2,0,1,FREE,Effects/Aya/S000,Projectiles/Aya/S000,,Sound/FX/Aya/S000,Sound/VOICE/Aya/S000,Weapons/Aya/S000,Weapons/Common/C000,,
경찰 아야,1002001,2,1,2,SHOP,Effects/Aya/S000,Projectiles/Aya/S000,,Sound/FX/Aya/S000,Sound/VOICE/Aya/S000,Weapons/Aya/S001,Weapons/Common/C000,,
불꽃놀이 아야,1002002,2,2,4,SHOP,Effects/Aya/S002,Projectiles/Aya/S002,,Sound/FX/Aya/S002,Sound/VOICE/Aya/S002,Weapons/Aya/S000,Weapons/Common/C000,,
피오라,1003000,3,0,1,FREE,Effects/Fiora/S000,Projectiles/Fiora/S000,,Sound/FX/Fiora/S000,Sound/VOICE/Fiora/S000,Weapons/Fiora/S000,Weapons/Common/C000,Indicator/Fiora/S000,
장교 피오라,1003001,3,1,2,SHOP,Effects/Fiora/S000,Projectiles/Fiora/S000,,Sound/FX/Fiora/S000,Sound/VOICE/Fiora/S000,Weapons/Fiora/S001,Weapons/Common/C000,Indicator/Fiora/S000,
총사 피오라,1003002,3,2,2,SHOP,Effects/Fiora/S000,Projectiles/Fiora/S000,,Sound/FX/Fiora/S000,Sound/VOICE/Fiora/S000,Weapons/Fiora/S002,Weapons/Common/C000,Indicator/Fiora/S000,
파티드레스 피오라,1003003,3,3,3,SHOP,Effects/Fiora/S003,Projectiles/Fiora/S000,,Sound/FX/Fiora/S000,Sound/VOICE/Fiora/S000,Weapons/Fiora/S003,Weapons/Common/C000,Indicator/Fiora/S000,
매그너스,1004000,4,0,1,FREE,Effects/Magnus/S000,Projectiles/Magnus/S000,,Sound/FX/Magnus/S000,Sound/VOICE/Magnus/S000,Weapons/Magnus/S000,Weapons/Common/C000,,
보스 매그너스,1004001,4,1,2,SHOP,Effects/Magnus/S000,Projectiles/Magnus/S001,,Sound/FX/Magnus/S000,Sound/VOICE/Magnus/S000,Weapons/Magnus/S001,Weapons/Common/C000,,
남국 매그너스,1004002,4,2,3,SHOP,Effects/Magnus/S002,Projectiles/Magnus/S002,,Sound/FX/Magnus/S002,Sound/VOICE/Magnus/S000,Weapons/Magnus/S002,Weapons/Common/C000,,
자히르,1005000,5,0,1,FREE,Effects/Zahir/S000,Projectiles/Zahir/S000,,Sound/FX/Zahir/S000,Sound/VOICE/Zahir/S000,Weapons/Zahir/S000,Weapons/Common/C000,Indicator/Zahir/S000,
사신 자히르,1005001,5,1,3,SHOP,Effects/Zahir/S001,Projectiles/Zahir/S001,,Sound/FX/Zahir/S000,Sound/VOICE/Zahir/S000,Weapons/Zahir/S001,Weapons/Common/C000,Indicator/Zahir/S000,
사이코시스 자히르,1005002,5,2,3,BATTLE_PASS,Effects/Zahir/S002,Projectiles/Zahir/S002,,Sound/FX/Zahir/S002,Sound/VOICE/Zahir/S002,Weapons/Zahir/S002,Weapons/Common/C000,Indicator/Zahir/S000,
나딘,1006000,6,0,1,FREE,Effects/Nadine/S000,Projectiles/Nadine/S000,Object/Nadine/S000,Sound/FX/Nadine/S000,Sound/VOICE/Nadine/S000,Weapons/Nadine/S000,Weapons/Common/C000,,
헌터 나딘,1006001,6,1,2,SHOP,Effects/Nadine/S000,Projectiles/Nadine/S000,Object/Nadine/S000,Sound/FX/Nadine/S000,Sound/VOICE/Nadine/S000,Weapons/Nadine/S001,Weapons/Common/C000,,
빨간 망토 나딘,1006002,6,2,3,SHOP,Effects/Nadine/S002,Projectiles/Nadine/S002,Object/Nadine/S002,Sound/FX/Nadine/S002,Sound/VOICE/Nadine/S000,Weapons/Nadine/S002,Weapons/Common/C000,,
야생의 부름 나딘,1006003,6,3,3,SHOP,Effects/Nadine/S003,Projectiles/Nadine/S003,Object/Nadine/S003,Sound/FX/Nadine/S000,Sound/VOICE/Nadine/S000,Weapons/Nadine/S003,Weapons/Common/C000,,
현우,1007000,7,0,1,FREE,Effects/Hyunwoo/S000,Projectiles/Hyunwoo/S000,,Sound/FX/Hyunwoo/S000,Sound/VOICE/Hyunwoo/S000,Weapons/Hyunwoo/S000,Weapons/Common/C000,,
뒷골목 현우,1007001,7,1,2,SHOP,Effects/Hyunwoo/S000,Projectiles/Hyunwoo/S000,,Sound/FX/Hyunwoo/S000,Sound/VOICE/Hyunwoo/S000,Weapons/Hyunwoo/S000,Weapons/Common/C000,,
레드데블 현우,1007002,7,2,3,SHOP,Effects/Hyunwoo/S002,Projectiles/Hyunwoo/S000,,Sound/FX/Hyunwoo/S002,Sound/VOICE/Hyunwoo/S000,Weapons/Hyunwoo/S000,Weapons/Common/C000,,
사관후보생 현우,1007003,7,3,3,SEASON4_REWARD,Effects/Hyunwoo/S003,Projectiles/Hyunwoo/S000,,Sound/FX/Hyunwoo/S000,Sound/VOICE/Hyunwoo/S000,Weapons/Hyunwoo/S000,Weapons/Common/C000,,
사관후보생 현우(이터니티),1007004,7,4,3,SEASON4_REWARD,Effects/Hyunwoo/S003,Projectiles/Hyunwoo/S000,,Sound/FX/Hyunwoo/S000,Sound/VOICE/Hyunwoo/S000,Weapons/Hyunwoo/S000,Weapons/Common/C000,,
멧현우,1007005,7,5,4,BATTLE_PASS,Effects/Hyunwoo/S005,Projectiles/Hyunwoo/S000,,Sound/FX/Hyunwoo/S005,Sound/VOICE/Hyunwoo/S005,Weapons/Hyunwoo/S005,Weapons/Common/C000,,
하트,1008000,8,0,1,FREE,Effects/Hart/S000,Projectiles/Hart/S000,,Sound/FX/Hart/S000,Sound/VOICE/Hart/S000,Weapons/Hart/S000,Weapons/Common/C000,,
밴드 리더 하트,1008001,8,1,2,SHOP,Effects/Hart/S001,Projectiles/Hart/S000,,Sound/FX/Hart/S000,Sound/VOICE/Hart/S000,Weapons/Hart/S001,Weapons/Common/C000,,
눈꽃축제 하트,1008002,8,2,4,BATTLE_PASS,Effects/Hart/S002,Projectiles/Hart/S002,,Sound/FX/Hart/S002,Sound/VOICE/Hart/S002,Weapons/Hart/S002,Weapons/Common/C000,,
퍼플퀸 하트,1008003,8,3,3,SHOP,Effects/Hart/S003,Projectiles/Hart/S003,,Sound/FX/Hart/S003,Sound/VOICE/Hart/S000,Weapons/Hart/S003,Weapons/Common/C000,,
아이솔,1009000,9,0,1,FREE,Effects/Isol/S000,Projectiles/Isol/S000,Object/Isol/S000,Sound/FX/Isol/S000,Sound/VOICE/Isol/S000,Weapons/Isol/S000,Weapons/Common/C000,,
아포칼립스 아이솔,1009001,9,1,2,SHOP,Effects/Isol/S000,Projectiles/Isol/S000,Object/Isol/S000,Sound/FX/Isol/S000,Sound/VOICE/Isol/S000,Weapons/Isol/S001,Weapons/Common/C000,,
고스트헌터 아이솔,1009002,9,2,2,BATTLE_PASS,Effects/Isol/S002,Projectiles/Isol/S002,Object/Isol/S002,Sound/FX/Isol/S000,Sound/VOICE/Isol/S000,Weapons/Isol/S002,Weapons/Common/C000,,
새해 토끼 아이솔,1009003,9,3,3,SHOP,Effects/Isol/S000,Projectiles/Isol/S000,Object/Isol/S000,Sound/FX/Isol/S000,Sound/VOICE/Isol/S000,Weapons/Isol/S000,Weapons/Common/C000,,
리 다이린,1010000,10,0,1,FREE,Effects/LIDailin/S000,Projectiles/LIDailin/S000,,Sound/FX/LIDailin/S000,Sound/VOICE/LIDailin/S000,Weapons/LIDailin/S000,Weapons/Common/C000,,
여행자 리 다이린,1010001,10,1,2,SHOP,Effects/LIDailin/S000,Projectiles/LIDailin/S000,,Sound/FX/LIDailin/S000,Sound/VOICE/LIDailin/S000,Weapons/LIDailin/S001,Weapons/Common/C000,,
반항아 리 다이린,1010002,10,2,2,SHOP,Effects/LIDailin/S000,Projectiles/LIDailin/S000,,Sound/FX/LIDailin/S000,Sound/VOICE/LIDailin/S000,Weapons/LIDailin/S002,Weapons/Common/C000,,
용 다이린,1010003,10,3,3,SHOP,Effects/LIDailin/S003,Projectiles/LIDailin/S003,,Sound/FX/LIDailin/S000,Sound/VOICE/LIDailin/S000,Weapons/LIDailin/S003,Weapons/Common/C000,,
어흥 다이린,1010004,10,4,3,BATTLE_PASS,Effects/LIDailin/S004,Projectiles/LIDailin/S004,,Sound/FX/LIDailin/S004,Sound/VOICE/LIDailin/S000,Weapons/LIDailin/S004,Weapons/Common/C000,,
유키,1011000,11,0,1,FREE,Effects/Yuki/S000,Projectiles/Yuki/S000,,Sound/FX/Yuki/S000,Sound/VOICE/Yuki/S000,Weapons/Yuki/S000,Weapons/Common/C000,,
사관후보생 유키,1011001,11,1,3,SEASON1_REWARD,Effects/Yuki/S001,Projectiles/Yuki/S000,,Sound/FX/Yuki/S000,Sound/VOICE/Yuki/S000,Weapons/Yuki/S001,Weapons/Common/C000,,
일도양단 유키,1011002,11,2,2,SHOP,Effects/Yuki/S000,Projectiles/Yuki/S000,,Sound/FX/Yuki/S000,Sound/VOICE/Yuki/S000,Weapons/Yuki/S002,Weapons/Common/C000,,
미드나잇 시노비 유키,1011003,11,3,3,SHOP,Effects/Yuki/S003,Projectiles/Yuki/S000,,Sound/FX/Yuki/S000,Sound/VOICE/Yuki/S000,Weapons/Yuki/S003,Weapons/Common/C000,,
유키멍,1011004,11,4,3,BATTLE_PASS,Effects/Yuki/S004,Projectiles/Yuki/S000,,Sound/FX/Yuki/S004,Sound/VOICE/Yuki/S000,Weapons/Yuki/S004,Weapons/Common/C000,,
혜찐,1012000,12,0,1,FREE,Effects/Hyejin/S000,Projectiles/Hyejin/S000,Object/Hyejin/S000,Sound/FX/Hyejin/S000,Sound/VOICE/Hyejin/S000,Weapons/Hyejin/S000,Weapons/Common/C000,,
목련꽃 혜진,1012001,12,1,2,SHOP,Effects/Hyejin/S000,Projectiles/Hyejin/S000,Object/Hyejin/S000,Sound/FX/Hyejin/S000,Sound/VOICE/Hyejin/S000,Weapons/Hyejin/S001,Weapons/Common/C000,,
사관후보생 혜진,1012002,12,2,3,SEASON3_REWARD,Effects/Hyejin/S002,Projectiles/Hyejin/S002,Object/Hyejin/S002,Sound/FX/Hyejin/S000,Sound/VOICE/Hyejin/S000,Weapons/Hyejin/S002,Weapons/Common/C000,,
고스트헌터 혜진,1012003,12,3,3,BATTLE_PASS,Effects/Hyejin/S003,Projectiles/Hyejin/S003,Object/Hyejin/S003,Sound/FX/Hyejin/S000,Sound/VOICE/Hyejin/S000,Weapons/Hyejin/S003,Weapons/Common/C000,,
수험생 혜진,1012004,12,4,3,SHOP,Effects/Hyejin/S004,Projectiles/Hyejin/S004,Object/Hyejin/S004,Sound/FX/Hyejin/S000,Sound/VOICE/Hyejin/S000,Weapons/Hyejin/S004,Weapons/Common/C000,,
쇼우,1013000,13,0,1,FREE,Effects/Xiukai/S000,Projectiles/Xiukai/S000,,Sound/FX/Xiukai/S000,Sound/VOICE/Xiukai/S000,Weapons/Xiukai/S000,Weapons/Common/C000,,
일식요리사 쇼우,1013001,13,1,2,SHOP,Effects/Xiukai/S000,Projectiles/Xiukai/S001,,Sound/FX/Xiukai/S000,Sound/VOICE/Xiukai/S000,Weapons/Xiukai/S001,Weapons/Common/C000,,
피구왕 쇼우,1013002,13,2,3,SHOP,Effects/Xiukai/S002,Projectiles/Xiukai/S002,Object/Xiukai/S002,Sound/FX/Xiukai/S002,Sound/VOICE/Xiukai/S002,Weapons/Xiukai/S002,Weapons/Common/C000,,
판다왔쇼우,1013003,13,3,3,SHOP,Effects/Xiukai/S000,Projectiles/Xiukai/S000,,Sound/FX/Xiukai/S000,Sound/VOICE/Xiukai/S000,Weapons/Xiukai/S000,Weapons/Common/C000,,
키아라,1014000,14,0,1,FREE,Effects/Chiara/S000,Projectiles/Chiara/S000,,Sound/FX/Chiara/S000,Sound/VOICE/Chiara/S000,Weapons/Chiara/S000,Weapons/Common/C000,,
심판자 키아라,1014001,14,1,2,SHOP,Effects/Chiara/S001,Projectiles/Chiara/S000,,Sound/FX/Chiara/S000,Sound/VOICE/Chiara/S000,Weapons/Chiara/S001,Weapons/Common/C000,,
고스트헌터 키아라,1014002,14,2,4,BATTLE_PASS,Effects/Chiara/S002,Projectiles/Chiara/S002,,Sound/FX/Chiara/S002,Sound/VOICE/Chiara/S002,Weapons/Chiara/S002,Weapons/Common/C000,,
시셀라,1015000,15,0,1,FREE,Effects/Sissela/S000,Projectiles/Sissela/S000,Object/Sissela/S000,Sound/FX/Sissela/S000,Sound/VOICE/Sissela/S000,Weapons/Sissela/S000,Weapons/Common/C000,,
겨울 클로버 시셀라,1015001,15,1,2,SHOP,Effects/Sissela/S000,Projectiles/Sissela/S000,Object/Sissela/S000,Sound/FX/Sissela/S000,Sound/VOICE/Sissela/S000,Weapons/Sissela/S000,Weapons/Common/C000,,
노블 시셀라,1015002,15,2,3,SHOP,Effects/Sissela/S002,Projectiles/Sissela/S002,Object/Sissela/S002,Sound/FX/Sissela/S002,Sound/VOICE/Sissela/S000,Weapons/Sissela/S002,Weapons/Common/C000,,
눈꽃축제 시셀라,1015003,15,3,3,BATTLE_PASS,Effects/Sissela/S003,Projectiles/Sissela/S003,Object/Sissela/S003,Sound/FX/Sissela/S003,Sound/VOICE/Sissela/S000,Weapons/Sissela/S003,Weapons/Common/C000,,
Sissela,1015004,15,4,4,EVENT_REWARD,Effects/Sissela/S000,Projectiles/Sissela/S000,Object/Sissela/S000,Sound/FX/Sissela/S000,Sound/VOICE/Sissela/S000,Weapons/Sissela/S000,Weapons/Common/C000,,
실비아,1016000,16,0,1,FREE,Effects/Silvia/S000,Projectiles/Silvia/S000,,Sound/FX/Silvia/S000,Sound/VOICE/Silvia/S000,Weapons/Silvia/S000,Weapons/Common/C000,,
미드나잇 브리즈 실비아,1016001,16,1,2,SHOP,Effects/Silvia/S000,Projectiles/Silvia/S000,,Sound/FX/Silvia/S000,Sound/VOICE/Silvia/S000,Weapons/Silvia/S001,Weapons/Common/C000,,
GeForce Now 실비아,1016002,16,2,2,GEFORCE_NOW,Effects/Silvia/S002,Projectiles/Silvia/S002,,Sound/FX/Silvia/S000,Sound/VOICE/Silvia/S000,Weapons/Silvia/S002,Weapons/Common/C000,,
퍼펙트 딜리버리 실비아,1016003,16,3,4,SHOP,Effects/Silvia/S003,Projectiles/Silvia/S003,,Sound/FX/Silvia/S003,Sound/VOICE/Silvia/S003,Weapons/Silvia/S003,Weapons/Common/C000,,
아드리아나,1017000,17,0,1,FREE,Effects/Adriana/S000,Projectiles/Adriana/S000,,Sound/FX/Adriana/S000,Sound/VOICE/Adriana/S000,Weapons/Adriana/S000,Weapons/Common/C000,,
파이어뱃 아드리아나,1017001,17,1,2,SHOP,Effects/Adriana/S000,Projectiles/Adriana/S000,,Sound/FX/Adriana/S000,Sound/VOICE/Adriana/S000,Weapons/Adriana/S001,Weapons/Common/C000,,
해충박멸 아드리아나,1017002,17,2,3,SHOP,Effects/Adriana/S002,Projectiles/Adriana/S002,,Sound/FX/Adriana/S000,Sound/VOICE/Adriana/S000,Weapons/Adriana/S002,Weapons/Common/C000,,
쇼이치,1018000,18,0,1,FREE,Effects/Shoichi/S000,Projectiles/Shoichi/S000,Object/Shoichi/S000,Sound/FX/Shoichi/S000,Sound/VOICE/Shoichi/S000,Weapons/Shoichi/S000,Weapons/Common/C000,,
히트맨 쇼이치,1018001,18,1,2,SHOP,Effects/Shoichi/S000,Projectiles/Shoichi/S000,Object/Shoichi/S000,Sound/FX/Shoichi/S000,Sound/VOICE/Shoichi/S000,Weapons/Shoichi/S001,Weapons/Common/C000,,
눈꽃축제 쇼이치,1018002,18,2,2,BATTLE_PASS,Effects/Shoichi/S002,Projectiles/Shoichi/S002,Object/Shoichi/S002,Sound/FX/Shoichi/S000,Sound/VOICE/Shoichi/S000,Weapons/Shoichi/S002,Weapons/Common/C000,,
퍼펙트 서버 쇼이치,1018003,18,3,3,SHOP,Effects/Shoichi/S003,Projectiles/Shoichi/S003,Object/Shoichi/S003,Sound/FX/Shoichi/S003,Sound/VOICE/Shoichi/S000,Weapons/Shoichi/S003,Weapons/Common/C000,,
엠마,1019000,19,0,1,FREE,Effects/Emma/S000,Projectiles/Emma/S000,Object/Emma/S000,Sound/FX/Emma/S000,Sound/VOICE/Emma/S000,Weapons/Emma/S000,Weapons/Common/C000,,
메이드 엠마,1019001,19,1,2,SHOP,Effects/Emma/S001,Projectiles/Emma/S001,Object/Emma/S001,Sound/FX/Emma/S000,Sound/VOICE/Emma/S000,Weapons/Emma/S001,Weapons/Common/C000,,
마녀 엠마,1019002,19,2,3,SHOP,Effects/Emma/S002,Projectiles/Emma/S002,Object/Emma/S002,Sound/FX/Emma/S002,Sound/VOICE/Emma/S000,Weapons/Emma/S002,Weapons/Common/C000,,
숲속 친구들 엠마,1019003,19,3,3,SHOP,Effects/Emma/S003,Projectiles/Emma/S003,Object/Emma/S003,Sound/FX/Emma/S003,Sound/VOICE/Emma/S000,Weapons/Emma/S003,Weapons/Common/C000,,
레녹스,1020000,20,0,1,FREE,Effects/Lenox/S000,Projectiles/Lenox/S000,,Sound/FX/Lenox/S000,Sound/VOICE/Lenox/S000,Weapons/Lenox/S000,Weapons/Common/C000,,
언더보스 레녹스,1020001,20,1,2,SHOP,Effects/Lenox/S000,Projectiles/Lenox/S000,,Sound/FX/Lenox/S000,Sound/VOICE/Lenox/S000,Weapons/Lenox/S000,Weapons/Common/C000,,
성야 레녹스,1020002,20,2,3,SHOP,Effects/Lenox/S002,Projectiles/Lenox/S002,,Sound/FX/Lenox/S000,Sound/VOICE/Lenox/S000,Weapons/Lenox/S002,Weapons/Common/C000,,
사이버에니악 레녹스,1020004,20,4,3,BATTLE_PASS,Effects/Lenox/S004,Projectiles/Lenox/S004,,Sound/FX/Lenox/S004,Sound/VOICE/Lenox/S004,Weapons/Lenox/S004,Weapons/Common/C000,,
로지,1021000,21,0,1,FREE,Effects/Rozzi/S000,Projectiles/Rozzi/S000,Object/Rozzi/S000,Sound/FX/Rozzi/S000,Sound/VOICE/Rozzi/S000,Weapons/Rozzi/S000,Weapons/Common/C000,,
블랙로즈 로지,1021001,21,1,2,SHOP,Effects/Rozzi/S000,Projectiles/Rozzi/S000,Object/Rozzi/S000,Sound/FX/Rozzi/S000,Sound/VOICE/Rozzi/S000,Weapons/Rozzi/S001,Weapons/Common/C000,,
네메시스 로지,1021002,21,2,3,SHOP,Effects/Rozzi/S002,Projectiles/Rozzi/S002,Object/Rozzi/S002,Sound/FX/Rozzi/S002,Sound/VOICE/Rozzi/S000,Weapons/Rozzi/S002,Weapons/Common/C000,,
루크,1022000,22,0,1,FREE,Effects/Luke/S000,Projectiles/Luke/S000,,Sound/FX/Luke/S000,Sound/VOICE/Luke/S000,Weapons/Luke/S000,Weapons/Common/C000,,
바텐더 루크,1022001,22,1,2,SHOP,Effects/Luke/S001,Projectiles/Luke/S001,,Sound/FX/Luke/S001,Sound/VOICE/Luke/S000,Weapons/Luke/S001,Weapons/Common/C000,,
뒷골목 루크,1022002,22,2,3,SHOP,Effects/Luke/S002,Projectiles/Luke/S002,,Sound/FX/Luke/S002,Sound/VOICE/Luke/S000,Weapons/Luke/S002,Weapons/Common/C000,,
사관후보생 루크,1022003,22,3,3,SEASON6_REWARD,Effects/Luke/S003,Projectiles/Luke/S003,,Sound/FX/Luke/S000,Sound/VOICE/Luke/S000,Weapons/Luke/S003,Weapons/Common/C000,,
캐시,1023000,23,0,1,FREE,Effects/Cathy/S000,Projectiles/Cathy/S000,Object/Cathy/S000,Sound/FX/Cathy/S000,Sound/VOICE/Cathy/S000,Weapons/Cathy/S000,Weapons/Common/C000,,
군의관 캐시,1023001,23,1,2,SHOP,Effects/Cathy/S000,Projectiles/Cathy/S000,Object/Cathy/S000,Sound/FX/Cathy/S000,Sound/VOICE/Cathy/S000,Weapons/Cathy/S001,Weapons/Common/C000,,
사이키메딕 캐시,1023002,23,2,4,BATTLE_PASS,Effects/Cathy/S002,Projectiles/Cathy/S002,Object/Cathy/S002,Sound/FX/Cathy/S002,Sound/VOICE/Cathy/S002,Weapons/Cathy/S002,Weapons/Common/C000,,
아델라,1024000,24,0,1,FREE,Effects/Adela/S000,Projectiles/Adela/S000,Object/Adela/S000,Sound/FX/Adela/S000,Sound/VOICE/Adela/S000,Weapons/Adela/S000,Weapons/Common/C000,,
화이트 퀸 아델라,1024001,24,1,2,SHOP,Effects/Adela/S001,Projectiles/Adela/S000,Object/Adela/S001,Sound/FX/Adela/S000,Sound/VOICE/Adela/S000,Weapons/Adela/S001,Weapons/Common/C000,,
꿈델라,1024002,24,2,4,SEASON_PASS,Effects/Adela/S002,Projectiles/Adela/S002,Object/Adela/S002,Sound/FX/Adela/S002,Sound/VOICE/Adela/S002,Weapons/Adela/S002,Weapons/Common/C000,,
버니스,1025000,25,0,1,FREE,Effects/Bernice/S000,Projectiles/Bernice/S000,Object/Bernice/S000,Sound/FX/Bernice/S000,Sound/VOICE/Bernice/S000,Weapons/Bernice/S000,Weapons/Common/C000,,
아포칼립스 버니스,1025001,25,1,2,SHOP,Effects/Bernice/S001,Projectiles/Bernice/S000,Object/Bernice/S000,Sound/FX/Bernice/S000,Sound/VOICE/Bernice/S000,Weapons/Bernice/S001,Weapons/Common/C000,,
악마사냥꾼 버니스,1025002,25,2,3,SHOP,Effects/Bernice/S002,Projectiles/Bernice/S002,Object/Bernice/S002,Sound/FX/Bernice/S002,Sound/VOICE/Bernice/S000,Weapons/Bernice/S002,Weapons/Common/C000,,
바바라,1026000,26,0,1,FREE,Effects/Barbara/S000,Projectiles/Barbara/S000,Object/Barbara/S000,Sound/FX/Barbara/S000,Sound/VOICE/Barbara/S000,Weapons/Barbara/S000,Weapons/Common/C000,,
정비공 바바라,1026001,26,1,2,SHOP,Effects/Barbara/S000,Projectiles/Barbara/S000,Object/Barbara/S001,Sound/FX/Barbara/S000,Sound/VOICE/Barbara/S000,Weapons/Barbara/S001,Weapons/Common/C000,,
코즈믹 엔지니어 바바라,1026002,26,2,3,SHOP,Effects/Barbara/S002,Projectiles/Barbara/S002,Object/Barbara/S002,Sound/FX/Barbara/S000,Sound/VOICE/Barbara/S000,Weapons/Barbara/S002,Weapons/Common/C000,,
알렉스,1027000,27,0,1,FREE,Effects/Alex/S000,Projectiles/Alex/S000,Object/Alex/S000,Sound/FX/Alex/S000,Sound/VOICE/Alex/S000,Weapons/Alex/S000,Weapons/Common/C000,,
오퍼레이터 알렉스,1027001,27,1,2,SHOP,Effects/Alex/S000,Projectiles/Alex/S000,Object/Alex/S000,Sound/FX/Alex/S000,Sound/VOICE/Alex/S000,Weapons/Alex/S001,Weapons/Common/C000,,
사립탐정 알렉스,1027002,27,2,3,SHOP,Effects/Alex/S000,Projectiles/Alex/S000,Object/Alex/S000,Sound/FX/Alex/S000,Sound/VOICE/Alex/S000,Weapons/Alex/S000,Weapons/Common/C000,,
수아,1028000,28,0,1,FREE,Effects/Sua/S000,Projectiles/Sua/S000,,Sound/FX/Sua/S000,Sound/VOICE/Sua/S000,Weapons/Sua/S000,Weapons/Common/C000,,
사관후보생 수아,1028001,28,1,3,SEASON2_REWARD,Effects/Sua/S001,Projectiles/Sua/S001,,Sound/FX/Sua/S000,Sound/VOICE/Sua/S000,Weapons/Sua/S001,Weapons/Common/C000,,
새해의 이야기꾼 수아,1028002,28,2,3,SHOP,Effects/Sua/S002,Projectiles/Sua/S002,,Sound/FX/Sua/S002,Sound/VOICE/Sua/S002,Weapons/Sua/S002,Weapons/Common/C000,,
해변가 수아,1028003,28,3,4,BATTLE_PASS,Effects/Sua/S003,Projectiles/Sua/S003,,Sound/FX/Sua/S003,Sound/VOICE/Sua/S003,Weapons/Sua/S003,Weapons/Common/C000,,
레온,1029000,29,0,1,FREE,Effects/Leon/S000,Projectiles/Leon/S000,Object/Leon/S000,Sound/FX/Leon/S000,Sound/VOICE/Leon/S000,Weapons/Leon/S000,Weapons/Common/C000,,
특수부대 레온,1029001,29,1,2,SHOP,Effects/Leon/S000,Projectiles/Leon/S000,Object/Leon/S000,Sound/FX/Leon/S000,Sound/VOICE/Leon/S000,Weapons/Leon/S001,Weapons/Common/C000,,
썸머파티 레온,1029002,29,2,3,BATTLE_PASS,Effects/Leon/S002,Projectiles/Leon/S002,Object/Leon/S002,Sound/FX/Leon/S002,Sound/VOICE/Leon/S000,Weapons/Leon/S002,Weapons/Common/C000,,
일레븐,1030000,30,0,1,FREE,Effects/Eleven/S000,Projectiles/Eleven/S000,Object/Eleven/S000,Sound/FX/Eleven/S000,Sound/VOICE/Eleven/S000,Weapons/Eleven/S000,Weapons/Common/C000,Indicator/Eleven/S000,
스위트 일레븐,1030001,30,1,3,SHOP,Effects/Eleven/S001,Projectiles/Eleven/S001,Object/Eleven/S001,Sound/FX/Eleven/S001,Sound/VOICE/Eleven/S000,Weapons/Eleven/S001,Weapons/Common/C000,Indicator/Eleven/S001,
티타임 래빗 일레븐,1030002,30,2,3,SHOP,Effects/Eleven/S002,Projectiles/Eleven/S002,Object/Eleven/S002,Sound/FX/Eleven/S000,Sound/VOICE/Eleven/S000,Weapons/Eleven/S002,Weapons/Common/C000,Indicator/Eleven/S002,
리오,1031000,31,0,1,FREE,Effects/Rio/S000,Projectiles/Rio/S000,Object/Rio/S000,Sound/FX/Rio/S000,Sound/VOICE/Rio/S000,Weapons/Rio/S000,Weapons/Common/C000,Indicator/Rio/S000,
무녀 리오,1031001,31,1,3,SHOP,Effects/Rio/S001,Projectiles/Rio/S001,Object/Rio/S000,Sound/FX/Rio/S000,Sound/VOICE/Rio/S000,Weapons/Rio/S001,Weapons/Common/C000,Indicator/Rio/S000,
정의의 마법소녀 리오,1031002,31,2,3,SHOP,Effects/Rio/S002,Projectiles/Rio/S002,Object/Rio/S000,Sound/FX/Rio/S002,Sound/VOICE/Rio/S000,Weapons/Rio/S002,Weapons/Common/C000,Indicator/Rio/S000,
사랑의 마법소녀 리오,1031003,31,3,3,SHOP,Effects/Rio/S003,Projectiles/Rio/S003,Object/Rio/S000,Sound/FX/Rio/S002,Sound/VOICE/Rio/S000,Weapons/Rio/S003,Weapons/Common/C000,Indicator/Rio/S000,
여름방학 리오,1031004,31,4,3,BATTLE_PASS,Effects/Rio/S004,Projectiles/Rio/S004,Object/Rio/S000,Sound/FX/Rio/S004,Sound/VOICE/Rio/S000,Weapons/Rio/S004,Weapons/Common/C000,Indicator/Rio/S000,
윌리엄,1032000,32,0,1,FREE,Effects/William/S000,Projectiles/William/S000,Object/William/S000,Sound/FX/William/S000,Sound/VOICE/William/S000,Weapons/William/S000,Weapons/Common/C000,,
고요한 밤의 신사 윌리엄,1032001,32,1,3,SHOP,Effects/William/S001,Projectiles/William/S001,Object/William/S001,Sound/FX/William/S001,Sound/VOICE/William/S000,Weapons/William/S001,Weapons/Common/C000,,
William,1032002,32,2,3,SHOP,Effects/William/S000,Projectiles/William/S000,Object/William/S000,Sound/FX/William/S000,Sound/VOICE/William/S000,Weapons/William/S000,Weapons/Common/C000,,
니키,1033000,33,0,1,FREE,Effects/Nicky/S000,Projectiles/Nicky/S000,,Sound/FX/Nicky/S000,Sound/VOICE/Nicky/S000,Weapons/Nicky/S000,Weapons/Common/C000,,
뒷골목 니키,1033001,33,1,2,SHOP,Effects/Nicky/S000,Projectiles/Nicky/S000,,Sound/FX/Nicky/S000,Sound/VOICE/Nicky/S000,Weapons/Nicky/S000,Weapons/Common/C000,,
비치발리볼 니키,1033002,33,2,4,SEASON_PASS,Effects/Nicky/S002,Projectiles/Nicky/S002,,Sound/FX/Nicky/S002,Sound/VOICE/Nicky/S002,Weapons/Nicky/S000,Weapons/Common/C000,,
나타폰,1034000,34,0,1,FREE,Effects/Nathapon/S000,Projectiles/Nathapon/S000,Object/Nathapon/S000,Sound/FX/Nathapon/S000,Sound/VOICE/Nathapon/S000,Weapons/Nathapon/S000,Weapons/Common/C000,,
극지탐험 나타폰,1034001,34,1,2,SHOP,Effects/Nathapon/S001,Projectiles/Nathapon/S001,Object/Nathapon/S001,Sound/FX/Nathapon/S000,Sound/VOICE/Nathapon/S000,Weapons/Nathapon/S001,Weapons/Common/C000,,
얀,1035000,35,0,1,FREE,Effects/Jan/S000,Projectiles/Jan/S000,Object/Jan/S000,Sound/FX/Jan/S000,Sound/VOICE/Jan/S000,Weapons/Jan/S000,Weapons/Common/C000,Indicator/Jan/S000,
무에타이 챔피언 얀,1035001,35,1,2,SHOP,Effects/Jan/S000,Projectiles/Jan/S000,Object/Jan/S000,Sound/FX/Jan/S000,Sound/VOICE/Jan/S000,Weapons/Jan/S000,Weapons/Common/C000,Indicator/Jan/S001,
이바,1036000,36,0,1,FREE,Effects/Eva/S000,Projectiles/Eva/S000,Object/Eva/S000,Sound/FX/Eva/S000,Sound/VOICE/Eva/S000,Weapons/Eva/S000,Weapons/Common/C000,Indicator/Eva/S000,
별 관찰자 이바,1036001,36,1,3,SHOP,Effects/Eva/S001,Projectiles/Eva/S001,Object/Eva/S001,Sound/FX/Eva/S000,Sound/VOICE/Eva/S000,Weapons/Eva/S001,Weapons/Common/C000,Indicator/Eva/S000,
사관후보생 이바,1036002,36,2,3,SEASON5_REWARD,Effects/Eva/S002,Projectiles/Eva/S002,Object/Eva/S002,Sound/FX/Eva/S000,Sound/VOICE/Eva/S000,Weapons/Eva/S002,Weapons/Common/C000,Indicator/Eva/S000,
다니엘,1037000,37,0,1,FREE,Effects/Daniel/S000,Projectiles/Daniel/S000,Object/Daniel/S000,Sound/FX/Daniel/S000,Sound/VOICE/Daniel/S000,Weapons/Daniel/S000,Weapons/Common/C000,Indicator/Daniel/S000,
역병의사 다니엘,1037001,37,1,4,SEASON_PASS,Effects/Daniel/S001,Projectiles/Daniel/S001,Object/Daniel/S000,Sound/FX/Daniel/S001,Sound/VOICE/Daniel/S001,Weapons/Daniel/S001,Weapons/Common/C000,Indicator/Daniel/S000,
마스커레이드 다니엘,1037002,37,2,3,SHOP,Effects/Daniel/S002,Projectiles/Daniel/S002,Object/Daniel/S002,Sound/FX/Daniel/S000,Sound/VOICE/Daniel/S000,Weapons/Daniel/S002,Weapons/Common/C000,Indicator/Daniel/S000,
제니,1038000,38,0,1,FREE,Effects/Jenny/S000,Projectiles/Jenny/S000,Object/Jenny/S000,Sound/FX/Jenny/S000,Sound/VOICE/Jenny/S000,Weapons/Jenny/S000,Weapons/Common/C000,Indicator/Jenny/S000,
마피아 제니,1038001,38,1,2,SHOP,Effects/Jenny/S001,Projectiles/Jenny/S001,Object/Jenny/S001,Sound/FX/Jenny/S000,Sound/VOICE/Jenny/S000,Weapons/Jenny/S001,Weapons/Common/C000,Indicator/Jenny/S000,
마스커레이드 제니,1038002,38,2,3,EVENT_REWARD,Effects/Jenny/S002,Projectiles/Jenny/S002,Object/Jenny/S002,Sound/FX/Jenny/S000,Sound/VOICE/Jenny/S000,Weapons/Jenny/S002,Weapons/Common/C000,Indicator/Jenny/S000,
카밀로,1039000,39,0,1,FREE,Effects/Camilo/S000,Projectiles/Camilo/S000,Object/Camilo/S000,Sound/FX/Camilo/S000,Sound/VOICE/Camilo/S000,Weapons/Camilo/S000,Weapons/Common/C000,,
연미복 카밀로,1039001,39,1,2,SHOP,Effects/Camilo/S001,Projectiles/Camilo/S000,Object/Camilo/S000,Sound/FX/Camilo/S001,Sound/VOICE/Camilo/S000,Weapons/Camilo/S001,Weapons/Common/C000,,
클로에,1040000,40,0,1,FREE,Effects/Chloe/S000,Projectiles/Chloe/S000,Object/Chloe/S000,Sound/FX/Chloe/S000,Sound/VOICE/Chloe/S000,Weapons/Chloe/S000,Weapons/Common/C000,,
메이드 클로에,1040001,40,1,3,SHOP,Effects/Chloe/S001,Projectiles/Chloe/S001,Object/Chloe/S001,Sound/FX/Chloe/S000,Sound/VOICE/Chloe/S000,Weapons/Chloe/S001,Weapons/Common/C000,,
새해 토끼 클로에,1040002,40,2,3,SHOP,Effects/Chloe/S000,Projectiles/Chloe/S000,Object/Chloe/S002,Sound/FX/Chloe/S000,Sound/VOICE/Chloe/S000,Weapons/Chloe/S002,Weapons/Common/C000,,
요한,1041000,41,0,1,FREE,Effects/Johann/S000,Projectiles/Johann/S000,Object/Johann/S000,Sound/FX/Johann/S000,Sound/VOICE/Johann/S000,Weapons/Johann/S000,Weapons/Common/C000,,
대행자 요한,1041001,41,1,2,SHOP,Effects/Johann/S000,Projectiles/Johann/S000,Object/Johann/S000,Sound/FX/Johann/S000,Sound/VOICE/Johann/S000,Weapons/Johann/S001,Weapons/Common/C000,,
비앙카,1042000,42,0,1,FREE,Effects/Bianca/S000,Projectiles/Bianca/S000,Object/Bianca/S000,Sound/FX/Bianca/S000,Sound/VOICE/Bianca/S000,Weapons/Bianca/S000,Weapons/Common/C000,,
파자마 비앙카,1042001,42,1,2,SHOP,Effects/Bianca/S000,Projectiles/Bianca/S000,Object/Bianca/S000,Sound/FX/Bianca/S000,Sound/VOICE/Bianca/S000,Weapons/Bianca/S001,Weapons/Common/C000,,
셀린,1043000,43,0,1,FREE,Effects/Celine/S000,Projectiles/Celine/S000,Object/Celine/S000,Sound/FX/Celine/S000,Sound/VOICE/Celine/S000,Weapons/Celine/S000,Weapons/Common/C000,,
폭탄해체반 셀린,1043001,43,1,2,SHOP,Effects/Celine/S001,Projectiles/Celine/S001,Object/Celine/S001,Sound/FX/Celine/S000,Sound/VOICE/Celine/S000,Weapons/Celine/S001,Weapons/Common/C000,,
메가펌킨 셀린,1043002,43,2,3,SHOP,Effects/Celine/S002,Projectiles/Celine/S002,Object/Celine/S002,Sound/FX/Celine/S000,Sound/VOICE/Celine/S000,Weapons/Celine/S002,Weapons/Common/C000,,
에키온,1044000,44,0,1,FREE,Effects/Echion/S000,Projectiles/Echion/S000,Object/Echion/S000,Sound/FX/Echion/S000,Sound/VOICE/Echion/S000,Weapons/Echion/S000,Weapons/Common/C000,,
뒷골목 에키온,1044001,44,1,2,SHOP,Effects/Echion/S000,Projectiles/Echion/S000,Object/Echion/S000,Sound/FX/Echion/S000,Sound/VOICE/Echion/S000,Weapons/Echion/S000,Weapons/Common/C000,,
마이,1045000,45,0,1,FREE,Effects/Mai/S000,Projectiles/Mai/S000,Object/Mai/S000,Sound/FX/Mai/S000,Sound/VOICE/Mai/S000,Weapons/Mai/S000,Weapons/Common/C000,Indicator/Mai/S000,
전학생 마이,1045001,45,1,3,SHOP,Effects/Mai/S001,Projectiles/Mai/S001,Object/Mai/S000,Sound/FX/Mai/S000,Sound/VOICE/Mai/S000,Weapons/Mai/S000,Weapons/Common/C000,Indicator/Mai/S001,
사관후보생 마이,1045002,45,2,3,SEASON7_REWARD,Effects/Mai/S002,Projectiles/Mai/S002,Object/Mai/S000,Sound/FX/Mai/S000,Sound/VOICE/Mai/S000,Weapons/Mai/S000,Weapons/Common/C000,Indicator/Mai/S000,
에이든,1046000,46,0,1,FREE,Effects/Aiden/S000,Projectiles/Aiden/S000,Object/Aiden/S000,Sound/FX/Aiden/S000,Sound/VOICE/Aiden/S000,Weapons/Aiden/S000,Weapons/Common/C000,Indicator/Aiden/S000,
고스트헌터 에이든,1046001,46,1,2,SHOP,Effects/Aiden/S000,Projectiles/Aiden/S000,Object/Aiden/S000,Sound/FX/Aiden/S000,Sound/VOICE/Aiden/S000,Weapons/Aiden/S001,Weapons/Common/C000,Indicator/Aiden/S000,
라우라,1047000,47,0,1,FREE,Effects/Laura/S000,Projectiles/Laura/S000,Object/Laura/S000,Sound/FX/Laura/S000,Sound/VOICE/Laura/S000,Weapons/Laura/S000,Weapons/Common/C000,Indicator/Laura/S000,
프리즌 브레이크 라우라,1047001,47,1,2,SHOP,Effects/Laura/S000,Projectiles/Laura/S001,Object/Laura/S001,Sound/FX/Laura/S000,Sound/VOICE/Laura/S000,Weapons/Laura/S001,Weapons/Common/C000,Indicator/Laura/S000,
암흑가 라우라,1047002,47,2,3,SHOP,Effects/Laura/S000,Projectiles/Laura/S000,Object/Laura/S000,Sound/FX/Laura/S000,Sound/VOICE/Laura/S000,Weapons/Laura/S000,Weapons/Common/C000,Indicator/Laura/S000,
띠아,1048000,48,0,1,FREE,Effects/Tia/S000,Projectiles/Tia/S000,Object/Tia/S000,Sound/FX/Tia/S000,Sound/VOICE/Tia/S000,Weapons/Tia/S000,Weapons/Common/C000,Indicator/Tia/S000,
거리의 화가 띠아,1048001,48,1,2,SHOP,Effects/Tia/S000,Projectiles/Tia/S000,Object/Tia/S000,Sound/FX/Tia/S000,Sound/VOICE/Tia/S000,Weapons/Tia/S001,Weapons/Common/C000,Indicator/Tia/S000,
펠릭스,1049000,49,0,1,FREE,Effects/Felix/S000,,,Sound/FX/Felix/S000,Sound/VOICE/Felix/S000,Weapons/Felix/S000,Weapons/Common/C000,Indicator/Felix/S000,
놀이공원 펠릭스,1049001,49,1,2,SHOP,Effects/Felix/S000,,,Sound/FX/Felix/S000,Sound/VOICE/Felix/S000,Weapons/Felix/S001,Weapons/Common/C000,Indicator/Felix/S000,
엘레나,1050000,50,0,1,FREE,Effects/Elena/S000,Projectiles/Elena/S000,Object/Elena/S000,Sound/FX/Elena/S000,Sound/VOICE/Elena/S000,Weapons/Elena/S000,Weapons/Common/C000,,
블랙스완 엘레나,1050001,50,1,3,SHOP,Effects/Elena/S001,Projectiles/Elena/S001,Object/Elena/S001,Sound/FX/Elena/S000,Sound/VOICE/Elena/S000,Weapons/Elena/S001,Weapons/Common/C000,,
한겨울 엘레나,1050002,50,2,3,SHOP,Effects/Elena/S002,Projectiles/Elena/S002,Object/Elena/S002,Sound/FX/Elena/S000,Sound/VOICE/Elena/S000,Weapons/Elena/S002,Weapons/Common/C000,,
프리야,1051000,51,0,1,FREE,Effects/Priya/S000,Projectiles/Priya/S000,Object/Priya/S000,Sound/FX/Priya/S000,Sound/VOICE/Priya/S000,Weapons/Priya/S000,Weapons/Common/C000,Indicator/Priya/S000,
영원이 꽃 프리야,1051001,51,1,3,SHOP,Effects/Priya/S001,Projectiles/Priya/S001,Object/Priya/S001,Sound/FX/Priya/S001,Sound/VOICE/Priya/S000,Weapons/Priya/S001,Weapons/Common/C000,Indicator/Priya/S001,
아디나,1052000,52,0,1,FREE,Effects/Adina/S000,Projectiles/Adina/S000,Object/Adina/S000,Sound/FX/Adina/S000,Sound/VOICE/Adina/S000,Weapons/Adina/S000,Weapons/Common/C000,,
운명의 아르카나 아디나,1052001,52,1,3,SHOP,Effects/Adina/S001,Projectiles/Adina/S001,Object/Adina/S000,Sound/FX/Adina/S000,Sound/VOICE/Adina/S000,Weapons/Adina/S001,Weapons/Common/C000,,
마커스,1053000,53,0,1,FREE,Effects/Markus/S000,Projectiles/Markus/S000,Object/Markus/S000,Sound/FX/Markus/S000,Sound/VOICE/Markus/S000,Weapons/Markus/S000,Weapons/Common/C000,,
아포칼립스 마커스,1053001,53,1,2,SHOP,Effects/Markus/S000,Projectiles/Markus/S000,Object/Markus/S000,Sound/FX/Markus/S000,Sound/VOICE/Markus/S000,Weapons/Markus/S001,Weapons/Common/C000,,
칼라,1054000,54,0,1,FREE,Effects/Karla/S000,Projectiles/Karla/S000,Object/Karla/S000,Sound/FX/Karla/S000,Sound/VOICE/Karla/S000,Weapons/Karla/S000,Weapons/Common/C000,Indicator/Karla/S000,
해상구조요원 칼라,1054001,54,1,2,SHOP,Effects/Karla/S001,Projectiles/Karla/S001,Object/Karla/S001,Sound/FX/Karla/S000,Sound/VOICE/Karla/S000,Weapons/Karla/S001,Weapons/Common/C000,Indicator/Karla/S000,
에스텔,1055000,55,0,1,FREE,Effects/Estelle/S000,Projectiles/Estelle/S000,Object/Estelle/S000,Sound/FX/Estelle/S000,Sound/VOICE/Estelle/S000,Weapons/Estelle/S000,Weapons/Common/C000,Indicator/Estelle/S000,ProjectileDeflector/Estelle/S000
소방기동대 에스텔,1055001,55,1,3,SHOP,Effects/Estelle/S001,Projectiles/Estelle/S000,Object/Estelle/S000,Sound/FX/Estelle/S000,Sound/VOICE/Estelle/S000,Weapons/Estelle/S001,Weapons/Common/C000,Indicator/Estelle/S000,ProjectileDeflector/Estelle/S000
피올로,1056000,56,0,1,FREE,Effects/Piolo/S000,Projectiles/Piolo/S000,Object/Piolo/S000,Sound/FX/Piolo/S000,Sound/VOICE/Piolo/S000,Weapons/Piolo/S000,Weapons/Common/C000,Indicator/Piolo/S000,ProjectileDeflector/Piolo/S000
도전자 피올로,1056001,56,1,3,SHOP,Effects/Piolo/S001,Projectiles/Piolo/S001,Object/Piolo/S000,Sound/FX/Piolo/S000,Sound/VOICE/Piolo/S000,Weapons/Piolo/S001,Weapons/Common/C000,Indicator/Piolo/S000,ProjectileDeflector/Piolo/S000
마르티나,1057000,57,0,1,FREE,Effects/Martina/S000,Projectiles/Martina/S000,Object/Martina/S000,Sound/FX/Martina/S000,Sound/VOICE/Martina/S000,Weapons/Martina/S000,Weapons/Common/C000,,
탐험기자 마르티나,1057001,57,1,3,SHOP,Effects/Martina/S001,Projectiles/Martina/S001,Object/Martina/S001,Sound/FX/Martina/S000,Sound/VOICE/Martina/S000,Weapons/Martina/S001,Weapons/Common/C000,,
헤이즈,1058000,58,0,1,FREE,Effects/Haze/S000,Projectiles/Haze/S000,Object/Haze/S000,Sound/FX/Haze/S000,Sound/VOICE/Haze/S000,Weapons/Haze/S000,Weapons/Common/C000,,
암흑가 헤이즈,1058001,58,1,3,SHOP,Effects/Haze/S001,Projectiles/Haze/S001,Object/Haze/S000,Sound/FX/Haze/S000,Sound/VOICE/Haze/S000,Weapons/Haze/S001,Weapons/Common/C000,,
아이작,1059000,59,0,1,FREE,Effects/Isaac/S000,Projectiles/Isaac/S000,Object/Isaac/S000,Sound/FX/Isaac/S000,Sound/VOICE/Isaac/S000,Weapons/Isaac/S000,Weapons/Common/C000,,
암흑가 아이작,1059001,59,1,3,SHOP,Effects/Isaac/S001,Projectiles/Isaac/S000,Object/Isaac/S001,Sound/FX/Isaac/S000,Sound/VOICE/Isaac/S000,Weapons/Isaac/S001,Weapons/Common/C000,,
타지아,1060000,60,0,1,FREE,Effects/Tazia/S000,Projectiles/Tazia/S000,Object/Tazia/S000,Sound/FX/Tazia/S000,Sound/VOICE/Tazia/S000,Weapons/Tazia/S000,Weapons/Common/C000,,
브로큰 글래스 타지아,1060001,60,1,3,SHOP,Effects/Tazia/S001,Projectiles/Tazia/S001,Object/Tazia/S001,Sound/FX/Tazia/S000,Sound/VOICE/Tazia/S000,Weapons/Tazia/S001,Weapons/Common/C000,,
이렘,1061000,61,0,1,FREE,Effects/Irem/S000,Projectiles/Irem/S000,Object/Irem/S000,Sound/FX/Irem/S000,Sound/VOICE/Irem/S000,Weapons/Irem/S000,Weapons/Common/C000,Indicator/Irem/S000,
눈싸움 이렘,1061001,61,1,3,SHOP,Effects/Irem/S001,Projectiles/Irem/S001,Object/Irem/S001,Sound/FX/Irem/S001,Sound/VOICE/Irem/S000,Weapons/Irem/S001,Weapons/Common/C000,Indicator/Irem/S000,
테오도르,1062000,62,0,1,FREE,Effects/Theodore/S000,Projectiles/Theodore/S000,Object/Theodore/S000,Sound/FX/Theodore/S000,Sound/VOICE/Theodore/S000,Weapons/Theodore/S000,Weapons/Common/C000,Indicator/Theodore/S000,
Theodore,1062001,62,1,3,SHOP,Effects/Theodore/S000,Projectiles/Theodore/S000,Object/Theodore/S000,Sound/FX/Theodore/S000,Sound/VOICE/Theodore/S000,Weapons/Theodore/S000,Weapons/Common/C000,Indicator/Theodore/S000,
