code,name,modeType,itemType,weaponType,itemGrade,isCompletedItem,alertInSpectator,markingType,craftAnimTrigger,stackable,initialCount,itemUsableType,itemUsableValueList,exclusiveProducer,canNotBeTakeItemFromCorpse,isCopyableItemToBattleZoneCorpse,makeMaterial1,makeMaterial2,notDisarm,consumable,manufacturableType,attackPower,attackPowerByLv,defense,defenseByLv,skillAmp,skillAmpByLevel,skillAmpRatio,skillAmpRatioByLevel,maxHp,maxHpByLv,hpRegenRatio,hpRegen,maxSP,spRegenRatio,spRegen,attackSpeedRatio,attackSpeedRatioByLv,criticalStrikeChance,criticalStrikeDamage,cooldownReduction,preventCriticalStrikeDamaged,cooldownLimit,lifeSteal,normalLifeSteal,skillLifeSteal,moveSpeed,moveSpeedOutOfCombat,sightRange,attackRange,increaseBasicAttackDamage,increaseBasicAttackDamageByLv,increaseBasicAttackDamageRatio,increaseBasicAttackDamageRatioByLv,preventBasicAttackDamaged,preventBasicAttackDamagedByLv,preventBasicAttackDamagedRatio,preventBasicAttackDamagedRatioByLv,preventSkillDamaged,preventSkillDamagedByLv,preventSkillDamagedRatio,preventSkillDamagedRatioByLv,penetrationDefense,penetrationDefenseRatio,trapDamageReduce,trapDamageReduceRatio,hpHealedIncreaseRatio,healerGiveHpHealRatio,uniqueAttackRange,uniqueHpHealedIncreaseRatio,uniqueCooldownLimit,uniqueTenacity,uniqueMoveSpeed,uniquePenetrationDefense,uniquePenetrationDefenseRatio,uniqueLifeSteal,uniqueSkillAmpRatio,restoreItemWhenResurrected
101101,가위,0,Weapon,OneHandSword,Common,FALSE,FALSE,None,craftMetal,1,1,WeaponTypeAvailableCharacter,0,0,FALSE,TRUE,0,0,FALSE,FALSE,1,5,0,0,0,0,0,0,0,0,0,0,0,0,0,0,0,0,0,0,0,0,0,0,0,0,0,0,0,0,0,0,0,0,0,0,0,0,0,0,0,0,0,0,0,0,0,0,0,0,0,0,0,0,0,0,0,TRUE
101104,식칼,0,Weapon,OneHandSword,Common,FALSE,FALSE,None,craftMetal,1,1,WeaponTypeAvailableCharacter,0,0,FALSE,TRUE,0,0,FALSE,FALSE,1,4,0,0,0,0,0,0,0,0,0,0,0,0,0,0,0,0,0,0,0,0,0,0,0,0,0,0,0,0,0,0,0,0,0,0,0,0,0,0,0,0,0,0,0,0,0,0,0,0,0,0,0,0,0,0,0,TRUE
101201,군용나이프,0,Weapon,OneHandSword,Uncommon,FALSE,FALSE,None,craftMetal,1,1,WeaponTypeAvailableCharacter,0,0,FALSE,TRUE,101104,108101,FALSE,FALSE,0,10,0,0,0,0,0,0,0,0,0,0,0,0,0,0,0,0,0,0,0,0,0,0,0,0,0.04,0,0,0,0,0,0,0,0,0,0,0,0,0,0,0,0,0,0,0,0,0,0,0,0,0,0,0,0,0,0,TRUE
101202,메스,0,Weapon,OneHandSword,Uncommon,FALSE,FALSE,None,craftMetal,1,1,WeaponTypeAvailableCharacter,0,0,FALSE,TRUE,101102,113101,FALSE,FALSE,0,18,0,0,0,0,0,0,0,0,0,0,0,0,0,0,0,0,0,0,0,0,0,0,0,0,0,0,0,0,0,0,0,0,0,0,0,0,0,0,0,0,0,0,0,0,0,0,0,0,0,0,0,0,0,0,0,TRUE
101203,자마다르,0,Weapon,OneHandSword,Uncommon,FALSE,FALSE,None,craftMetal,1,1,WeaponTypeAvailableCharacter,0,0,FALSE,TRUE,101104,110101,FALSE,FALSE,0,15,0,0,0,0,0,0,0,0,0,0,0,0,0,0,0,0,0,0,0,0,0,0,0,0,0,0,0,0,0,0,0,0,0,0,0,0,0,0,0,0,0,0,0,0,0,0,0,0,0,0,0,0,0,0,0,TRUE
101301,장미칼,0,Weapon,OneHandSword,Rare,FALSE,FALSE,None,craftMetal,1,1,WeaponTypeAvailableCharacter,0,0,FALSE,TRUE,101201,205102,FALSE,FALSE,0,20,0,0,0,0,0,0,0,0,0,0,0,0,0,0,0,0,0,0,0.08,0,0,0,0,0,0.04,0,0,0,0,0,0,0,0,0,0,0,0,0,0,0,0,0,0,0,0,0,0,0,0,0,0,0,0,0,0,TRUE
101302,스위스아미나이프,0,Weapon,OneHandSword,Rare,FALSE,FALSE,None,craftMetal,1,1,WeaponTypeAvailableCharacter,0,0,FALSE,TRUE,101202,101101,FALSE,FALSE,0,23,0,0,0,0,0,0,0,80,0,0,0,0,0,0,0,0,0,0,0,0,0,0,0,0,0,0,0,0,0,0,0,0,0,0,0,0,0,0,0,0,0,0,0,0,0,0,0,0,0,0,0,0,0,0,0,TRUE
101303,카라페이스카타르,0,Weapon,OneHandSword,Rare,FALSE,FALSE,None,craftMetal,1,1,WeaponTypeAvailableCharacter,0,0,FALSE,TRUE,101203,401104,FALSE,FALSE,0,20,0,12,0,0,0,0,0,0,0,0,0,0,0,0,0,0,0,0,0,0,0,0,0,0,0,0,0,0,0,0,0,0,0,0,0,0,0,0,0,0,0,0,0,0,0,0,0,0,0,0,0,0,0,0,0,TRUE
101401,카른웬난,0,Weapon,OneHandSword,Epic,TRUE,FALSE,None,craftMetal,1,1,WeaponTypeAvailableCharacter,0,0,FALSE,TRUE,101301,401202,FALSE,FALSE,0,50,0,0,0,0,0,0,0,0,0,0,0,0,0,0,0.2,0,0,0,0.08,0,0,0,0,0,0.04,0,0,0,0,0,0,0,0,0,0,0,0,0,0,0,0,0,0,0,0,0,0,0,0,0,0,0,0,0,0,TRUE
101402,파산검,0,Weapon,OneHandSword,Epic,TRUE,FALSE,None,craftMetal,1,1,WeaponTypeAvailableCharacter,0,0,FALSE,TRUE,101301,401210,FALSE,FALSE,0,25,0,0,0,32,2,0,0,0,0,0,0,0,0,0,0,0,0,0,0.1,0,0,0,0,0,0.06,0,0,0,0,0,0,0,0,0,0,0,0,0,0,0,0,0,0,0,0,0,0,0,0,0,0,0,0,0,0,TRUE
101404,초진동나이프,0,Weapon,OneHandSword,Epic,TRUE,FALSE,None,craftMetal,1,1,WeaponTypeAvailableCharacter,0,0,FALSE,TRUE,101202,401303,FALSE,FALSE,0,45,0,0,0,0,0,0,0,0,0,0,0,0,0,0,0.25,0,0,0,0,0,0,0,0,0,0,0,0,0,0,0,0,0,0,0,0,0,0,0,0,0,0,0,0,0,0,0,0,0,0,0,0,0,0,0,0,TRUE
101406,다마스커스가시,0,Weapon,OneHandSword,Epic,TRUE,FALSE,None,craftMetal,1,1,WeaponTypeAvailableCharacter,0,0,FALSE,TRUE,101302,502201,FALSE,FALSE,0,52,0,0,0,0,0,0,0,140,0,0,0,0,0,0,0,0,0,0,0,0,0,0,0,0,0,0,0,0,0,0,0,0,0,0,0,0,0,0,0,0,0,0,0,0,0,0,0,0,0,0,0,0,0,0,0,TRUE
101407,마하라자,0,Weapon,OneHandSword,Epic,TRUE,FALSE,None,craftMetal,1,1,WeaponTypeAvailableCharacter,0,0,FALSE,TRUE,101303,205312,FALSE,FALSE,0,42,0,12,0,0,0,0,0,0,0,0,0,0,0,0,0,0,0,0,0,0,0,0,0,0,0,0,0,0,0,0,0,0,0,0,0,0,0,0,0,0,0,0,0,0,0,0,0,0,0,0,0,0,0,0,0,TRUE
101408,하이랜더더크,0,Weapon,OneHandSword,Epic,TRUE,FALSE,None,craftMetal,1,1,WeaponTypeAvailableCharacter,0,0,FALSE,TRUE,101302,401201,FALSE,FALSE,0,30,0,0,0,49,2,0,0,100,0,0,0,0,0,0,0,0,0,0,0,0,0,0,0,0,0,0,0,0,0,0,0,0,0,0,0,0,0,0,0,0,0,0,0,0,0,0,0,0,0,0,0,0,0,0,0,TRUE
101405,프라가라흐,0,Weapon,OneHandSword,Legend,TRUE,TRUE,None,craftMetal,1,1,WeaponTypeAvailableCharacter,0,0,FALSE,FALSE,101201,401304,FALSE,FALSE,0,62,0,0,0,0,0,0,0,0,0,0,0,0,0,0,0.5,0,0,0,0,0,0,0,0,0,0.04,0,0,0,0,0,0,0,0,0,0,0,0,0,0,0,0,0,0,0,0,0,0,0,0,0,0,0,0,0,0,TRUE
101501,월식,0,Weapon,OneHandSword,Legend,TRUE,TRUE,None,craftMetal,1,1,WeaponTypeAvailableCharacter,0,0,FALSE,FALSE,101203,401403,FALSE,FALSE,0,45,0,0,0,77,2,0,0,0,0,0,0,0,0,0,0,0,0,0,0.1,0,0,0,0,0,0.1,0,0,0,0,0,0,0,0,0,0,0,0,0,0,0,0,0,0,0,0,0,0,0,0,0,0,0,0,0,0,TRUE
102101,녹슨검,0,Weapon,TwoHandSword,Common,FALSE,FALSE,None,craftMetal,1,1,WeaponTypeAvailableCharacter,0,0,FALSE,TRUE,0,0,FALSE,FALSE,1,11,0,0,0,0,0,0,0,0,0,0,0,0,0,0,0,0,0,0,0,0,0,0,0,0,0,0,0,0,0,0,0,0,0,0,0,0,0,0,0,0,0,0,0,0,0,0,0,0,0,0,0,0,0,0,0,TRUE
102201,샴쉬르,0,Weapon,TwoHandSword,Uncommon,FALSE,FALSE,None,craftMetal,1,1,WeaponTypeAvailableCharacter,0,0,FALSE,TRUE,102101,401107,FALSE,FALSE,0,27,0,0,0,0,0,0,0,0,0,0,0,0,0,0,0,0,0,0,0,0,0,0,0,0,0,0,0,0,0,0,0,0,0,0,0,0,0,0,0,0,0,0,0,0,0,0,0,0,0,0,0,0,0,0,0,TRUE
102301,일본도,0,Weapon,TwoHandSword,Rare,FALSE,FALSE,None,craftMetal,1,1,WeaponTypeAvailableCharacter,0,0,FALSE,TRUE,102101,401213,FALSE,FALSE,0,35,0,0,0,0,0,0,0,0,0,0,0,0,0,0,0,0,0,0,0,0,0,0,0,0,0,0,0,0,0,0,0,0,0,0,0,0,0,0,0,0,0,0,0,0,0,0,0,0,0,0,0,0,0,0,0,TRUE
102401,마사무네,0,Weapon,TwoHandSword,Rare,FALSE,FALSE,None,craftMetal,1,1,WeaponTypeAvailableCharacter,0,0,FALSE,TRUE,102301,401112,FALSE,FALSE,0,40,0,0,0,0,0,0,0,0,0,0,0,0,0,0,0.15,0,0,0,0,0,0,0,0,0,0,0,0,0,0,0,0,0,0,0,0,0,0,0,0,0,0,0,0,0,0,0,0,0,0,0,0,0,0,0,0,TRUE
102402,무라마사,0,Weapon,TwoHandSword,Rare,FALSE,FALSE,None,craftMetal,1,1,WeaponTypeAvailableCharacter,0,0,FALSE,TRUE,102301,401114,FALSE,FALSE,0,43,0,0,0,0,0,0,0,0,0,0,0,0,0,0,0,0,0,0,0,0,0,0,0,0,0,0,0,0,0,0,0,0,0,0,0,0,0,0,0,0,0,0,0,0,0,0,0,0,0,0,0,0,0,0,0,TRUE
102403,바스타드소드,0,Weapon,TwoHandSword,Rare,FALSE,FALSE,None,craftMetal,1,1,WeaponTypeAvailableCharacter,0,0,FALSE,TRUE,102101,401201,FALSE,FALSE,0,38,0,0,0,0,0,0,0,0,0,0,0,0,0,0,0,0,0,0,0,0,0,0,0,0,0,0,0,0,0,0,0,0,0,0,0,0,0,0,0,0,0,0,0,0,0,0,0,0,0,0,0,0,0,0,0,TRUE
102404,보검,0,Weapon,TwoHandSword,Rare,FALSE,FALSE,None,craftMetal,1,1,WeaponTypeAvailableCharacter,0,0,FALSE,TRUE,102201,401217,FALSE,FALSE,0,40,0,0,0,0,0,0,0,50,0,0,0,0,0,0,0,0,0,0,0,0,0,0,0,0,0,0,0,0,0,0,0,0,0,0,0,0,0,0,0,0,0,0,0,0,0,0,0,0,0,0,0,0,0,0,0,TRUE
102405,뚜언띠엔,0,Weapon,TwoHandSword,Epic,TRUE,FALSE,None,craftMetal,1,1,WeaponTypeAvailableCharacter,0,0,FALSE,TRUE,102403,202203,FALSE,FALSE,0,67,0,13,0,0,0,0,0,0,0,0,0,0,0,0,0,0,0,0,0.08,0,0,0,0,0,0,0,0,0,0,0,0,0,0,0,0,0,0,0,0,0,0,0,0,0,0,0,0,0,0,0,0,0,0,0,0,TRUE
102406,아론다이트,0,Weapon,TwoHandSword,Epic,TRUE,FALSE,None,craftMetal,1,1,WeaponTypeAvailableCharacter,0,0,FALSE,TRUE,102401,205109,FALSE,FALSE,0,51,1,0,0,0,0,0,0,0,0,0,0,0,0,0,0.25,0,0,0,0,0,0,0,0,0,0,0,0,0,0,0,0,0,0,0,0,0,0,0,0,0,0,0,0,0,0,0,0,0,0,0,0,0,0,0,0,TRUE
102407,엑스칼리버,0,Weapon,TwoHandSword,Epic,TRUE,FALSE,None,craftMetal,1,1,WeaponTypeAvailableCharacter,0,0,FALSE,TRUE,102404,205108,FALSE,FALSE,0,55,0,0,0,0,0,0,0,180,0,0.75,0,0,0,0,0.2,0,0,0,0,0,0,0,0,0,0,0,0,0,0,0,0,0,0,0,0,0,0,0,0,0,0,0,0,0,0,0,0,0,0,0,0,0,0,0,0,TRUE
102408,플라즈마소드,0,Weapon,TwoHandSword,Uncommon,FALSE,FALSE,None,craftMetal,1,1,WeaponTypeAvailableCharacter,0,0,FALSE,TRUE,102101,401108,FALSE,FALSE,0,25,0,0,0,0,0,0,0,0,0,0,0,0,0,0,0,0,0,0,0,0,0,0,0,0,0,0,2,0,0,0,0,0,0,0,0,0,0,0,0,0,0,0,0,0,0,0,0,0,0,0,0,0,0,0,0,TRUE
102409,레바테인,7,Weapon,TwoHandSword,Legend,TRUE,TRUE,None,craftMetal,1,1,WeaponTypeAvailableCharacter,0,0,FALSE,FALSE,102403,205403,FALSE,FALSE,0,63,0,0,0,0,0,0,0,0,0,0,0,0,0,0,0,0,0,0,0,0,0,0,0,0,0,0,0,0,0,0,0,0.019,0,0,0,0,0,0,0,0,0,0,0,0,0,0,0,0,0,0,0,0,0,0,0,TRUE
102410,모노호시자오,0,Weapon,TwoHandSword,Epic,TRUE,FALSE,None,craftMetal,1,1,WeaponTypeAvailableCharacter,0,0,FALSE,TRUE,102402,401212,FALSE,FALSE,0,44,2,0,0,0,0,0,0,0,0,0,0,0,0,0,0,0,0,0,0,0,0,0,0.14,0,0,0,0,0,0,0,0,0,0,0,0,0,0,0,0,0,0,0,0,0,0,0,0,0,0,0,0,0,0,0,0,TRUE
102411,호푸어드,0,Weapon,TwoHandSword,Epic,TRUE,FALSE,None,craftMetal,1,1,WeaponTypeAvailableCharacter,0,0,FALSE,TRUE,102404,205204,FALSE,FALSE,0,51,0,0,0,0,0,0,0,80,0,0,0,0,0,0,0,0,0.23,0.1,0,0,0,0,0,0,0,0,0,0,0,0,0,0,0,0,0,0,0,0,0,0,0,0,0,0,0,0,0,0,0,0,0,0,0,0,0,TRUE
102412,빛의검,0,Weapon,TwoHandSword,Legend,TRUE,TRUE,None,craftMetal,1,1,WeaponTypeAvailableCharacter,0,0,FALSE,FALSE,102408,401209,FALSE,FALSE,0,65,0,0,0,0,0,0,0,0,0,0,0,0,0,0,0.38,0,0,0,0,0,0,0,0,0,0,0,2,0,0,0,0,0,0,0,0,0,0,0,0,0,0,0,0,0,0,0,0,0,0,0,0,0,0,0,0,TRUE
102413,아케인엣지,0,Weapon,TwoHandSword,Epic,TRUE,FALSE,None,craftMetal,1,1,WeaponTypeAvailableCharacter,0,0,FALSE,TRUE,102403,401212,FALSE,FALSE,0,38,0,0,0,50,2,0,0,0,0,0,0,0,0,0,0,0,0,0,0,0,0,0.05,0,0,0,0,0,0,0,0,0,0,0,0,0,0,0,0,0,0,0,0,0,0,0,0,0,0,0,0,0,0,0,0,0,TRUE
102501,다인슬라이프,0,Weapon,TwoHandSword,Legend,TRUE,TRUE,None,craftMetal,1,1,WeaponTypeAvailableCharacter,0,0,FALSE,FALSE,102301,401401,FALSE,FALSE,0,85,0,0,0,0,0,0,0,0,0,0,0,0,0,0,0,0,0,0,0,0,0,0,0.16,0,0,0,0,0,0,0,0,0,0,0,0,0,0,0,0,0,0,0,0,0,0,0,0,0,0,0,0,0,0,0,0,TRUE
102502,알마스,0,Weapon,TwoHandSword,Legend,TRUE,TRUE,None,craftMetal,1,1,WeaponTypeAvailableCharacter,0,0,FALSE,FALSE,102403,205402,FALSE,FALSE,0,40,0,0,0,76,2,0,0,0,0,0,0,0,0,0,0,0,0,0,0,0,0,0,0,0,0,0,0,0,0,0,0,0,0,0,0,0,0,0,0,0,0,0,0,0,0,0,0,0,0,0,0,0,0,0,0,TRUE
103201,쌍칼,0,Weapon,DualSword,Common,FALSE,FALSE,None,craftMetal,1,1,WeaponTypeAvailableCharacter,0,0,FALSE,TRUE,0,0,FALSE,FALSE,1,8,0,0,0,0,0,0,0,0,0,0,0,0,0,0,0,0,0,0,0,0,0,0,0,0,0,0,0,0,0,0,0,0,0,0,0,0,0,0,0,0,0,0,0,0,0,0,0,0,0,0,0,0,0,0,0,TRUE
103202,조잡한쌍검,0,Weapon,DualSword,Uncommon,FALSE,FALSE,None,craftMetal,1,1,WeaponTypeAvailableCharacter,0,0,FALSE,TRUE,101101,105102,FALSE,FALSE,0,12,0,0,0,0,0,0,0,0,0,0,0,0,0,0,0,0,0,0,0,0,0,0,0,0,0,0,0,0,0,0,0,0,0,0,0,0,0,0,0,0,0,0,0,0,0,0,0,0,0,0,0,0,0,0,0,TRUE
103302,쌍둥이검,0,Weapon,DualSword,Rare,FALSE,FALSE,None,craftMetal,1,1,WeaponTypeAvailableCharacter,0,0,FALSE,TRUE,103201,401213,FALSE,FALSE,0,28,0,0,0,0,0,0,0,0,0,0,0,0,0,0,0,0,0,0,0,0,0,0,0,0,0,0,0,0,0,0,0,0,0,0,0,0,0,0,0,0,0,0,0,0,0,0,0,0,0,0,0,0,0,0,0,TRUE
103301,피렌체식 쌍검,0,Weapon,DualSword,Rare,FALSE,FALSE,None,craftMetal,1,1,WeaponTypeAvailableCharacter,0,0,FALSE,TRUE,103201,401212,FALSE,FALSE,0,28,0,0,0,0,0,0,0,0,0,0,0,0,0,0,0,0,0,0,0,0,0,0,0.05,0,0,0,0,0,0,0,0,0,0,0,0,0,0,0,0,0,0,0,0,0,0,0,0,0,0,0,0,0,0,0,0,TRUE
103401,이천일류,0,Weapon,DualSword,Epic,TRUE,FALSE,None,craftMetal,1,1,WeaponTypeAvailableCharacter,0,0,FALSE,TRUE,103301,502201,FALSE,FALSE,0,36,0,0,0,0,0,0,0,0,0,0,0,0,0,0,0.2,0,0,0,0,0,0,0,0.1,0,0,0,0,0,0,0,0,0,0,0,0,0,0,0,0,0,0,0,0,0,0,0,0,0,0,0,0,0,0,0,0,TRUE
103402,자웅일대검,0,Weapon,DualSword,Legend,TRUE,TRUE,None,craftMetal,1,1,WeaponTypeAvailableCharacter,0,0,FALSE,FALSE,103201,401301,FALSE,FALSE,0,57,0,0,0,0,0,0,0,0,0,0,0,0,0,0,0.45,0,0,0,0,0,0,0,0,0,0,0,0,0,0,0,0,0,0,0,0,0,0,0,0,0,0,0,0,0,0,0,0,0,0,0,0,0,0,0,0,TRUE
103403,아수라,0,Weapon,DualSword,Epic,TRUE,FALSE,None,craftMetal,1,1,WeaponTypeAvailableCharacter,0,0,FALSE,TRUE,103301,205207,FALSE,FALSE,0,31,0,0,0,36,2,0,0,0,0,0,0,0,0,0,0,0,0,0,0.12,0,0,0.06,0,0,0,0,0,0,0,0,0,0,0,0,0,0,0,0,0,0,0,0,0,0,0,0,0,0,0,0,0,0,0,0,0,TRUE
103404,검은나비,0,Weapon,DualSword,Epic,TRUE,FALSE,None,craftMetal,1,1,WeaponTypeAvailableCharacter,0,0,FALSE,TRUE,103302,401218,FALSE,FALSE,0,30,0,0,0,40,2,0,0,0,0,0,0,0,0,0,0,0,0,0,0,0,0,0,0,0,0,0,0,0,0,0,0,0,0,0,0,0,0,0,0,0,0,0,0,0,0,0,0,0,0,0,0,0,0,0,0,TRUE
103501,디오스쿠로이,0,Weapon,DualSword,Epic,TRUE,FALSE,None,craftMetal,1,1,WeaponTypeAvailableCharacter,0,0,FALSE,TRUE,103202,401306,FALSE,FALSE,0,47,0,0,0,0,0,0,0,0,0,0,0,0,0,0,0.35,0,0,0,0,0,0,0,0,0,0,0,0,0,0,0,0,0,0,0,0,0,0,0,0,0,0,0,0,0,0,0,0,0,0,0,0,0,0,0,0,TRUE
103502,로이거 차르,0,Weapon,DualSword,Legend,TRUE,TRUE,None,craftMetal,1,1,WeaponTypeAvailableCharacter,0,0,FALSE,FALSE,103302,401208,FALSE,FALSE,0,31,0,0,0,67,2,0,0,0,0,0,0,0,0,0,0,0,0,0,0,0,0,0,0,0,0,0,0,0,0,0,0,0,0,0,0,0,0,0,0,0,0,0,0,0,0,0,0,0,0,0,0,0,0,0,0,TRUE
103503,간장과막야,0,Weapon,DualSword,Legend,TRUE,TRUE,None,craftMetal,1,1,WeaponTypeAvailableCharacter,0,0,FALSE,FALSE,103201,401403,FALSE,FALSE,0,66,0,0,0,0,0,0,0,0,0,0,0,0,0,0,0.18,0,0,0,0,0,0,0,0,0,0,0,0,0,0,0,0,0,0,0,0,0,0,0,0,0,0,0,0,0,0,0,0.75,0,0,0,0,0,0,0,0,TRUE
104101,망치,0,Weapon,Hammer,Common,FALSE,FALSE,None,craftMetal,1,1,WeaponTypeAvailableCharacter,0,0,FALSE,TRUE,0,0,FALSE,FALSE,1,16,0,0,0,0,0,0,0,0,0,0,0,0,0,0,0,0,0,0,0,0,0,0,0,0,0,0,0,0,0,0,0,0,0,0,0,0,0,0,0,0,0,0,0,0,0,0,0,0,0,0,0,0,0,0,0,TRUE
104201,워해머,0,Weapon,Hammer,Uncommon,FALSE,FALSE,None,craftMetal,1,1,WeaponTypeAvailableCharacter,0,0,FALSE,TRUE,104101,108102,FALSE,FALSE,0,30,0,0,0,0,0,0,0,0,0,0,0,0,0,0,0,0,0,0,0,0,0,0,0,0,0,0,0,0,0,0,0,0,0,0,0,0,0,0,0,0,0,0,0,0,0,0,0,0,0,0,0,0,0,0,0,TRUE
104301,모닝스타,0,Weapon,Hammer,Rare,FALSE,FALSE,None,craftMetal,1,1,WeaponTypeAvailableCharacter,0,0,FALSE,TRUE,104201,112103,FALSE,FALSE,0,45,0,0,0,0,0,0,0,0,0,0,0,0,0,0,0,0,0,0,0,0,0,0,0,0,0,0,0,0,0,0,0,0,0,0,0,0,0,0,0,0,0,0,0,0,0,0,0,0,0,0,0,0,0,0,0,TRUE
104302,사슴망치,0,Weapon,Hammer,Rare,FALSE,FALSE,None,craftMetal,1,1,WeaponTypeAvailableCharacter,0,0,FALSE,TRUE,104201,401103,FALSE,FALSE,0,45,0,0,0,0,0,0,0,0,0,0,0,0,0,0,0,0,0,0,0,0,0,0,0,0,0,0,0,0,0,0,0,0,0,0,0,0,0,0,0,0,0,0,0,0,0,0,0,0,0,0,0,0,0,0,0,TRUE
104303,운명의망치,0,Weapon,Hammer,Rare,FALSE,FALSE,None,craftMetal,1,1,WeaponTypeAvailableCharacter,0,0,FALSE,TRUE,104101,205203,FALSE,FALSE,0,38,0,0,0,0,0,0,0,0,0,0,0,0,0,0,0,0,0.08,0,0.08,0,0,0,0,0,0,0,0,0,0,0,0,0,0,0,0,0,0,0,0,0,0,0,0,0,0,0,0,0,0,0,0,0,0,0,0,TRUE
104401,낭아봉,0,Weapon,Hammer,Epic,TRUE,FALSE,None,craftMetal,1,1,WeaponTypeAvailableCharacter,0,0,FALSE,TRUE,104301,401215,FALSE,FALSE,0,52,0,0,0,52,2,0,0,0,0,0,0,0,0,0,0,0,0,0,0,0,0,0,0,0,0,0,0,0,0,0,0,0,0,0,0,0,0,0,0,0,0,0,0,0,0,0,0,0,0,0,0,0,0,0,0,TRUE
104402,다그다의망치,0,Weapon,Hammer,Epic,TRUE,FALSE,None,craftMetal,1,1,WeaponTypeAvailableCharacter,0,0,FALSE,TRUE,104301,205202,FALSE,FALSE,0,100,0,0,0,0,0,0,0,0,0,0.8,0,0,0,0,0,0,0,0,0,0,0,0,0,0,0,0,0,0,0,0,0,0,0,0,0,0,0,0,0,0,0,0,0,0,0,0,0,0,0,0,0,0,0,0,0,TRUE
104403,토르의망치,0,Weapon,Hammer,Epic,TRUE,FALSE,None,craftMetal,1,1,WeaponTypeAvailableCharacter,0,0,FALSE,TRUE,104302,401306,FALSE,FALSE,0,84,0,0,0,0,0,0,0,0,0,0,0,0,0,0,0.3,0,0,0,0,0,0,0,0,0,0,0,0,0,0,0,0,0,0,0,0,0,0,0,0,0,0,0,0,0,0,0,0,0,0,0,0,0,0,0,0,TRUE
104404,개밥바라기,0,Weapon,Hammer,Legend,TRUE,TRUE,None,craftMetal,1,1,WeaponTypeAvailableCharacter,0,0,FALSE,FALSE,104301,401301,FALSE,FALSE,0,68,0,0,0,85,2,0,0,0,0,0,0,0,0,0,0,0,0,0,0,0,0,0,0,0,0,0,0,0,0,0,0,0,0,0,0,0,0,0,0,0,0,0,0,0,0,0,0,0,0,0,0,0,0,0,0,TRUE
104406,천근추,0,Weapon,Hammer,Epic,TRUE,FALSE,None,craftMetal,1,1,WeaponTypeAvailableCharacter,0,0,FALSE,TRUE,104303,205204,FALSE,FALSE,0,77,0,0,0,0,0,0,0,0,0,0,0,0,0,0,0,0,0.22,0.08,0.12,0,0,0,0,0,0,0,0,0,0,0,0,0,0,0,0,0,0,0,0,0,0,0,0,0,0,0,0,0,0,0,0,0,0,0,0,TRUE
104501,피스브링어,0,Weapon,Hammer,Legend,TRUE,TRUE,None,craftMetal,1,1,WeaponTypeAvailableCharacter,0,0,FALSE,FALSE,104302,401401,FALSE,FALSE,0,104,0,0,0,0,0,0,0,0,0,0,0,0,0,0,0,0,0,0,0,0,0,0.12,0,0,0,0,0,0,0,0,0,0,0,0,0,0,0,0,0,0,0,0.12,0,0,0,0,0,0,0,0,0,0,0,0,0,TRUE
104502,뿅망치,0,Weapon,Hammer,Legend,TRUE,TRUE,None,craftMetal,1,1,WeaponTypeAvailableCharacter,0,0,FALSE,FALSE,104201,401208,FALSE,FALSE,0,99,0,0,0,0,0,0,0,0,0,0,0,0,0,0,0.3,0,0,0,0,0,0,0,0,0,0,0,0,0,0,0,0,0,0,0,0,0,0,0,0,0,0,0,0,0,0,0,0,0,0,0,0,0,0,0,0,TRUE
105103,손도끼,0,Weapon,Axe,Common,FALSE,FALSE,None,craftMetal,1,1,WeaponTypeAvailableCharacter,0,0,FALSE,TRUE,0,0,FALSE,FALSE,1,18,0,0,0,0,0,0,0,0,0,0,0,0,0,0,0,0,0,0,0,0,0,0,0,0,0,0,0,0,0,0,0,0,0,0,0,0,0,0,0,0,0,0,0,0,0,0,0,0,0,0,0,0,0,0,0,TRUE
105201,사슬낫,0,Weapon,Axe,Uncommon,FALSE,FALSE,None,craftMetal,1,1,WeaponTypeAvailableCharacter,0,0,FALSE,TRUE,105102,119101,FALSE,FALSE,0,38,0,0,0,0,0,0,0,0,0,0,0,0,0,0,0,0,0,0,0,0,0,0,0,0,0,0,0,0,0,0,0,0,0,0,0,0,0,0,0,0,0,0,0,0,0,0,0.2,0,0,0,0,0,0,0,0,TRUE
105202,전투도끼,0,Weapon,Axe,Uncommon,FALSE,FALSE,None,craftMetal,1,1,WeaponTypeAvailableCharacter,0,0,FALSE,TRUE,105103,108103,FALSE,FALSE,0,35,0,0,0,0,0,0,0,0,0,0,0,0,0,0,0,0,0,0,0,0,0,0,0,0,0,0,0,0,0,0,0,0,0,0,0,0,0,0,0,0,0,0,0,0,0,0,0,0,0,0,0,0,0,0,0,TRUE
105301,경량화도끼,0,Weapon,Axe,Rare,FALSE,FALSE,None,craftMetal,1,1,WeaponTypeAvailableCharacter,0,0,FALSE,TRUE,105202,205101,FALSE,FALSE,0,44,0,0,0,0,0,0,0,0,0,0,0,0,0,0,0,0,0,0,0,0,0,0,0,0,0.04,0,0,0,0,0,0,0,0,0,0,0,0,0,0,0,0,0,0,0,0,0,0,0,0,0,0,0,0,0,0,TRUE
105302,사신의낫,0,Weapon,Axe,Rare,FALSE,FALSE,None,craftMetal,1,1,WeaponTypeAvailableCharacter,0,0,FALSE,TRUE,105201,108102,FALSE,FALSE,0,53,0,0,0,0,0,0,0,0,0,0,0,0,0,0,0,0,0,0,0,0,0,0,0,0,0,0,0,0,0,0,0,0,0,0,0,0,0,0,0,0,0,0,0,0,0,0,0.5,0,0,0,0,0,0,0,0,TRUE
105401,대부,0,Weapon,Axe,Rare,FALSE,FALSE,None,craftMetal,1,1,WeaponTypeAvailableCharacter,0,0,FALSE,TRUE,105202,401106,FALSE,FALSE,0,60,0,0,0,0,0,0,0,0,0,0,0,0,0,0,0,0,0,0,0,0,0,0,0,0,-0.06,0,0,0,0,0,0,0,0,0,0,0,0,0,0,0,0,0,0,0,0,0,0,0,0,0,0,0,0,0,0,TRUE
105402,빔엑스,0,Weapon,Axe,Epic,TRUE,FALSE,None,craftMetal,1,1,WeaponTypeAvailableCharacter,0,0,FALSE,TRUE,105401,401108,FALSE,FALSE,0,70,2,0,0,0,0,0,0,0,0,0,0,0,0,0,0,0,0,0,0,0,0,0,0,0,0,0,3,0,0,0,0,0,0,0,0,0,0,0,0,0,0,0,0,0,0,0,0,0,0,0,0,0,0,0,0,TRUE
105403,산타무에르떼,0,Weapon,Axe,Epic,TRUE,FALSE,None,craftMetal,1,1,WeaponTypeAvailableCharacter,0,0,FALSE,TRUE,105302,401217,FALSE,FALSE,0,80,0,0,0,0,0,0,0,200,0,0,0,0,0,0,0,0,0,0,0,0,0,0,0,0,0,0,0,0,0,0,0,0,0,0,0,0,0,0,0,0,0,0,0,0,0,0,0.5,0,0,0,0,0,0,0,0,TRUE
105404,스퀴테,0,Weapon,Axe,Epic,TRUE,FALSE,None,craftMetal,1,1,WeaponTypeAvailableCharacter,0,0,FALSE,TRUE,105302,401214,FALSE,FALSE,0,60,0,0,0,45,2,0,0,0,0,0,0,0,0,0,0,0,0,0,0,0,0,0,0,0,0,0,0,0,0,0,0,0,0,0,0,0,0,0,0,0,0,0,0,0,0,0,0.5,0,0,0,0,0,0,0,0,TRUE
105405,파라슈,0,Weapon,Axe,Epic,TRUE,FALSE,None,craftMetal,1,1,WeaponTypeAvailableCharacter,0,0,FALSE,TRUE,105301,205203,FALSE,FALSE,0,83,0,0,0,0,0,0,0,0,0,0,0,0,0,0,0,0,0.17,0,0.1,0,0,0,0,0,0.06,0,0,0,0,0,0,0,0,0,0,0,0,0,0,0,0,0,0,0,0,0,0,0,0,0,0,0,0,0,0,TRUE
105406,하르페,0,Weapon,Axe,Epic,TRUE,FALSE,None,craftMetal,1,1,WeaponTypeAvailableCharacter,0,0,FALSE,TRUE,105401,205209,FALSE,FALSE,0,74,0,0,0,0,0,0,0,0,0,0,0,0,0,0,0.25,0,0,0,0,0,0,0,0,0,0,0,0,0,0,0,0,0,0,0,0,0,0,0,0,0,0,0,0,0,0,0,0,0,0,0,0,0,0,0,0,TRUE
105407,저거너트,0,Weapon,Axe,Epic,TRUE,FALSE,None,craftMetal,1,1,WeaponTypeAvailableCharacter,0,0,FALSE,TRUE,105301,401303,FALSE,FALSE,0,60,0,0,0,0,0,0,0,0,0,0,0,0,0,0,0.2,0,0,0,0,0,0,0,0,0,0.04,0,0,-0.2,0,0,0,0,0,0,0,0,0,0,0,0,0,0,0,0,0,0,0,0,0,0,0,0,0,0,0,TRUE
105408,반고부,0,Weapon,Axe,Legend,TRUE,TRUE,None,craftMetal,1,1,WeaponTypeAvailableCharacter,0,0,FALSE,FALSE,105202,401403,FALSE,FALSE,0,103,0,0,0,0,0,0,0,0,0,0,0,0,0,0,0.35,0,0,0,0,0,0,0,0,0,0,0,0,0,0,0,0,0,0,0,0,0,0,0,0,0,0,0,0,0,0,0,0,0,0,0.3,0,0,0,0,0,TRUE
105501,낙원의낫,0,Weapon,Axe,Legend,TRUE,TRUE,None,craftMetal,1,1,WeaponTypeAvailableCharacter,0,0,FALSE,FALSE,105302,205402,FALSE,FALSE,0,65,0,0,0,75,2,0,0,0,0,0,0,0,0,0,0,0,0,0,0,0,0,0,0,0,0,0,0,0,0,0,0,0,0,0,0,0,0,0,0,0,0,0,0,0,0,0,0.5,0,0,0,0,0,0,0,0,TRUE
107101,단창,0,Weapon,Spear,Common,FALSE,FALSE,None,craftMetal,1,1,WeaponTypeAvailableCharacter,0,0,FALSE,TRUE,0,0,FALSE,FALSE,1,15,0,0,0,0,0,0,0,0,0,0,0,0,0,0,0,0,0,0,0,0,0,0,0,0,0,0,0,0,0,0,0,0,0,0,0,0,0,0,0,0,0,0,0,0,0,0,0,0,0,0,0,0,0,0,0,TRUE
107201,죽창,0,Weapon,Spear,Uncommon,FALSE,FALSE,None,craftMetal,1,1,WeaponTypeAvailableCharacter,0,0,FALSE,TRUE,107101,108103,FALSE,FALSE,0,32,0,0,0,0,0,0,0,0,0,0,0,0,0,0,0,0,0,0,0,0,0,0,0,0,0,0,0,0,0,0,0,0,0,0,0,0,0,0,0,0,0,0,0,0,0,0,0,0,0,0,0,0,0,0,0,TRUE
107301,바이던트,0,Weapon,Spear,Rare,FALSE,FALSE,None,craftMetal,1,1,WeaponTypeAvailableCharacter,0,0,FALSE,TRUE,107201,101104,FALSE,FALSE,0,52,0,0,0,0,0,0,0,0,0,0,0,0,0,0,0,0,0,0,0,0,0,0,0,0,0,0,0,0,0,0,0,0,0,0,0,0,0,0,0,0,0,0,0,0,0,0,0,0,0,0,0,0,0,0,0,TRUE
107302,파이크,0,Weapon,Spear,Rare,FALSE,FALSE,None,craftMetal,1,1,WeaponTypeAvailableCharacter,0,0,FALSE,TRUE,107101,401201,FALSE,FALSE,0,45,0,0,0,0,0,0,0,0,0,0,0,0,0,0,0,0,0,0,0,0,0,0,0,0,0,0,0,0,0,0,0,0,0,0,0,0,0,0,0,0,0,0,0,0,0,0,0,0,0,0,0,0,0,0,0,TRUE
107303,도끼창,0,Weapon,Spear,Rare,FALSE,FALSE,None,craftMetal,1,1,WeaponTypeAvailableCharacter,0,0,FALSE,TRUE,105103,107302,FALSE,FALSE,0,60,0,0,0,0,0,0,0,0,0,0,0,0,0,0,0,0,0,0,0,0,0,0,0,0,0,0,0,0,0,0,0,0,0,0,0,0,0,0,0,0,0,0,0,0,0,0,0,0,0,0,0,0,0,0,0,TRUE
107401,강창,0,Weapon,Spear,Rare,FALSE,FALSE,None,craftMetal,1,1,WeaponTypeAvailableCharacter,0,0,FALSE,TRUE,107201,205101,FALSE,FALSE,0,40,0,0,0,0,0,0,0,0,0,0,0,0,0,0,0,0,0,0,0,0,0,0,0,0,0.04,0,0,0,0,0,0,0,0,0,0,0,0,0,0,0,0,0,0,0,0,0,0,0,0,0,0,0,0,0,0,TRUE
107402,애각창,0,Weapon,Spear,Legend,TRUE,TRUE,None,craftMetal,1,1,WeaponTypeAvailableCharacter,0,0,FALSE,FALSE,107201,401304,FALSE,FALSE,0,93,0,0,0,0,0,0,0,0,0,0,0,0,0,0,0.4,0,0,0,0,0,0,0,0,0,0.1,0,0,0,0,0,0,0,0,0,0,0,0,0,0,0,0,0,0,0,0,0,0,0,0,0,0,0,0,0,0,TRUE
107403,장팔사모,0,Weapon,Spear,Epic,TRUE,FALSE,None,craftMetal,1,1,WeaponTypeAvailableCharacter,0,0,FALSE,TRUE,107401,401306,FALSE,FALSE,0,78,0,0,0,0,0,0,0,0,0,0,0,0,0,0,0.25,0,0,0,0,0,0,0,0,0,0.04,0,0,0,0,0,0,0,0,0,0,0,0,0,0,0,0,0,0,0,0,0,0,0,0,0,0,0,0,0,0,TRUE
107404,코스믹바이던트,0,Weapon,Spear,Legend,TRUE,TRUE,None,craftMetal,1,1,WeaponTypeAvailableCharacter,0,0,FALSE,FALSE,107301,401301,FALSE,FALSE,0,77,0,0,0,73,2,0,0,0,0,0,0,0,0,0,0,0,0,0,0,0,0,0,0,0,0,0,0,0,0,0,0,0,0,0,0,0,0,0,0,0,0,0,0,0,0,0,0,0,0,0,0,0,0,0,0,TRUE
107405,트리아이나,0,Weapon,Spear,Epic,TRUE,FALSE,None,craftMetal,1,1,WeaponTypeAvailableCharacter,0,0,FALSE,TRUE,107301,107302,FALSE,FALSE,0,66,0,0,0,46,2,0,0,0,0,0,0,0,0,0,0,0,0,0,0.08,0,0,0,0,0,0,0,0,0,0,0,0,0,0,0,0,0,0,0,0,0,0,0,0,0,0,0,0,0,0,0,0,0,0,0,0,TRUE
107406,화첨창,7,Weapon,Spear,Legend,TRUE,TRUE,None,craftMetal,1,1,WeaponTypeAvailableCharacter,0,0,FALSE,FALSE,107201,205403,FALSE,FALSE,0,93,0,0,0,0,0,0,0,0,0,0,0,0,0,0,0,0,0,0,0,0,0,0,0,0,0,0,0,0,0,0,0,0.015,0,0,0,0,0,0,0,0,0,0,0,0,0,0,0,0,0,0,0,0,0,0,0,TRUE
107407,방천화극,0,Weapon,Spear,Epic,TRUE,FALSE,None,craftMetal,1,1,WeaponTypeAvailableCharacter,0,0,FALSE,TRUE,107303,205210,FALSE,FALSE,0,65,0,0,0,50,2,0,0,0,0,0,0,0,0,0,0,0,0,0,0,0,0,0,0,0,0,0,0,0,0,0,0,0,0,0,0,0,0,0,0,0,0,0,0,0,0,0,0,0,0,0,0,0,0,0,0,TRUE
107408,청룡언월도,0,Weapon,Spear,Epic,TRUE,FALSE,None,craftMetal,1,1,WeaponTypeAvailableCharacter,0,0,FALSE,TRUE,107303,401213,FALSE,FALSE,0,88,0,0,0,0,0,0,0,120,5,0,0,0,0,0,0,0,0,0,0,0,0,0,0,0,0,0,0,0,0,0,0,0,0,0,0,0,0,0,0,0,0,0,0,0,0,0,0,0,0,0,0,0,0,0,0,TRUE
107501,롱기누스의창,0,Weapon,Spear,Legend,TRUE,TRUE,None,craftMetal,1,1,WeaponTypeAvailableCharacter,0,0,FALSE,FALSE,107302,401401,FALSE,FALSE,0,111,0,0,0,0,0,0,0,0,0,0,0,0,0,0,0,0,0,0,0,0,0,0,0.16,0,0,0,0,0,0,0,0,0,0,0,0,0,0,0,0,0,0,0,0,0,0,0,0,0,0,0,0,0,0,0,0,TRUE
108102,단봉,0,Weapon,Bat,Common,FALSE,FALSE,None,craftMetal,1,1,WeaponTypeAvailableCharacter,0,0,FALSE,TRUE,0,0,FALSE,FALSE,1,15,0,0,0,0,0,0,0,0,0,0,0,0,0,0,0,0,0,0,0,0,0,0,0,0,0,0,0,0,0,0,0,0,0,0,0,0,0,0,0,0,0,0,0,0,0,0,0,0,0,0,0,0,0,0,0,TRUE
108202,장봉,0,Weapon,Bat,Uncommon,FALSE,FALSE,None,craftMetal,1,1,WeaponTypeAvailableCharacter,0,0,FALSE,TRUE,108102,108103,FALSE,FALSE,0,22,0,0,0,0,0,0,0,0,0,0,0,0,0,0,0,0,0,0,0,0,0,0,0,0,0,0,0,0,0,0,0,0,0,0,0,0,0,0,0,0,0,0,0,0,0,0,0,0,0,0,0,0,0,0,0,TRUE
108301,도깨비방망이,0,Weapon,Bat,Rare,FALSE,FALSE,None,craftMetal,1,1,WeaponTypeAvailableCharacter,0,0,FALSE,TRUE,108202,401101,FALSE,FALSE,0,27,0,0,0,0,0,0,0,0,0,0,0,0,0,0,0,0,0,0,0,0,0,0,0,0,0,0,0,0,0,0,0,0,0,0,0,0,0,0,0,0,0,0,0,0,0,0,0,0,0,0,0,0,0,0,0,TRUE
108401,우산,0,Weapon,Bat,Rare,FALSE,FALSE,None,craftMetal,1,1,WeaponTypeAvailableCharacter,0,0,FALSE,TRUE,108202,205105,FALSE,FALSE,0,25,0,0,0,23,0,0,0,0,0,0,0,0,0,0,0,0,0,0,0,0,0,0,0,0,0,0,0,0,0,0,0,0,0,0,0,0,0,0,0,0,0,0,0,0,0,0,0,0,0,0,0,0,0,0,0,TRUE
108402,횃불,0,Weapon,Bat,Rare,FALSE,FALSE,None,craftMetal,1,1,WeaponTypeAvailableCharacter,0,0,FALSE,TRUE,108102,401202,FALSE,FALSE,0,36,0,0,0,0,0,0,0,0,0,0,0,0,0,0,0.1,0,0,0,0,0,0,0,0,0,0,0,0,0,0,0,0,0,0,0,0,0,0,0,0,0,0,0,0,0,0,0,0,0,0,0,0,0,0,0,0,TRUE
108405,몽둥이,0,Weapon,Bat,Rare,FALSE,FALSE,None,craftMetal,1,1,WeaponTypeAvailableCharacter,0,0,FALSE,TRUE,108102,401201,FALSE,FALSE,0,32,0,0,0,0,0,0,0,0,0,0,0,0,0,0,0,0,0,0,0,0,0,0,0,0,0,0,0,0,0,0,0,0,0,0,0,0,0,0,0,0,0,0,0,0,0,0,0,0,0,0,0,0,0,0,0,TRUE
108403,구원의여신상,0,Weapon,Bat,Epic,TRUE,FALSE,None,craftMetal,1,1,WeaponTypeAvailableCharacter,0,0,FALSE,TRUE,108402,205205,FALSE,FALSE,0,55,2,0,0,0,0,0,0,0,0,0,0,0,0.8,0,0.25,0,0,0,0,0,0,0,0.1,0,0,0,0,0,0,0,0,0,0,0,0,0,0,0,0,0,0,0,0,0,0,0,0,0,0,0,0,0,0,0,0,TRUE
108404,타구봉,0,Weapon,Bat,Epic,TRUE,FALSE,None,craftMetal,1,1,WeaponTypeAvailableCharacter,0,0,FALSE,TRUE,108301,401211,FALSE,FALSE,0,69,0,0,0,0,0,0,0,0,0,0,0,0,0,0,0.4,0,0,0,0,0,0,0,0,0,0,0,0,0,0,0,0,0,0,0,0,0,0,0,0,0,0,0,0,0,0,0,0,0,0,0,0,0,0,0,0,TRUE
108501,스파이의우산,0,Weapon,Bat,Epic,TRUE,FALSE,None,craftMetal,1,1,WeaponTypeAvailableCharacter,0,0,FALSE,TRUE,108401,401210,FALSE,FALSE,0,48,0,0,0,35,2,0,0,0,0,0,0,0,0,0,0,0,0,0,0,0,0,0,0,0,0,0,0,0,0,0,0,0,0,0,0,0,0,0,0,0,0,0,0,0,0,0,0,0,0,0,0,0,0,0,0,TRUE
104405,마법봉,0,Weapon,Bat,Legend,TRUE,TRUE,None,craftMetal,1,1,WeaponTypeAvailableCharacter,0,0,FALSE,FALSE,108202,401301,FALSE,FALSE,0,40,0,0,0,76,2,0,0,0,0,0,0,0,0,0,0,0,0,0,0,0,0,0.12,0,0,0,0,0,0,0,0,0,0,0,0,0,0,0,0,0,0,0,0,0,0,0,0,0,0,0,0,0,0,0,0,0,TRUE
104407,금강저,0,Weapon,Bat,Epic,TRUE,FALSE,None,craftMetal,1,1,WeaponTypeAvailableCharacter,0,0,FALSE,TRUE,108405,401305,FALSE,FALSE,0,70,0,0,0,0,0,0,0,0,0,0,0,0,0,0,0,0,0.2,0.07,0,0,0,0,0,0,0,0,0,0,0,0,0,0,0,0,0,0,0,0,0,0,0,0,0,0,0,0,0,0,0,0,0,0,0,0,0,TRUE
104408,팔괘장,0,Weapon,Bat,Epic,TRUE,FALSE,None,craftMetal,1,1,WeaponTypeAvailableCharacter,0,0,FALSE,TRUE,108405,202203,FALSE,FALSE,0,34,0,0,0,30,2,0,0,0,0,0,0,0,0,0,0,0,0,0,0.08,0,0,0,0,0,0,0,0,0,0,0,0,0,0,0,0,0,0,0,0,0,0,0,0,0,0,0,0,0,0,0,0,0,0,0,0,TRUE
108502,여의봉,0,Weapon,Bat,Legend,TRUE,TRUE,None,craftMetal,1,1,WeaponTypeAvailableCharacter,0,0,FALSE,FALSE,108202,401403,FALSE,FALSE,0,102,0,0,0,0,0,0,0,0,0,0,0,0,0,0,0.1,0,0,0,0,0,0,0,0,0,0,0,0,0,0,0,0,0,0,0,0,0,0,0,0,0,0,0,0,0,0,0,0.8,0,0,0,0,0,0,0,0,TRUE
109101,채찍,0,Weapon,Whip,Common,FALSE,FALSE,None,craftMetal,1,1,WeaponTypeAvailableCharacter,0,0,FALSE,TRUE,0,0,FALSE,FALSE,1,12,0,0,0,0,0,0,0,0,0,0,0,0,0,0,0,0,0,0,0,0,0,0,0,0,0,0,0,0,0,0,0,0,0,0,0,0,0,0,0,0,0,0,0,0,0,0,0,0,0,0,0,0,0,0,0,TRUE
109201,오랏줄,0,Weapon,Whip,Uncommon,FALSE,FALSE,None,craftMetal,1,1,WeaponTypeAvailableCharacter,0,0,FALSE,TRUE,109101,401109,FALSE,FALSE,0,20,0,0,0,10,0,0,0,0,0,0,0,0,0,0,0,0,0,0,0,0,0,0,0,0,0,0,0,0,0,0,0,0,0,0,0,0,0,0,0,0,0,0,0,0,0,0,0,0,0,0,0,0,0,0,0,TRUE
109202,철편,0,Weapon,Whip,Uncommon,FALSE,FALSE,None,craftMetal,1,1,WeaponTypeAvailableCharacter,0,0,FALSE,TRUE,109101,113101,FALSE,FALSE,0,30,0,0,0,0,0,0,0,0,0,0,0,0,0,0,0,0,0,0,0,0,0,0,0,0,0,0,0,0,0,0,0,0,0,0,0,0,0,0,0,0,0,0,0,0,0,0,0,0,0,0,0,0,0,0,0,TRUE
109301,바람채찍,0,Weapon,Whip,Rare,FALSE,FALSE,None,craftMetal,1,1,WeaponTypeAvailableCharacter,0,0,FALSE,TRUE,109201,205101,FALSE,FALSE,0,20,0,0,0,12,0,0,0,0,0,0,0,0,0,0,0,0,0,0,0,0,0,0,0,0,0.04,0,0,0,0,0,0,0,0,0,0,0,0,0,0,0,0,0,0,0,0,0,0,0,0,0,0,0,0,0,0,TRUE
109401,뇌룡편,0,Weapon,Whip,Epic,TRUE,FALSE,None,craftMetal,1,1,WeaponTypeAvailableCharacter,0,0,FALSE,TRUE,109402,401214,FALSE,FALSE,0,42,0,0,0,48,2,0,0,0,0,0,0,0,0,0,0.12,0,0,0,0,0,0,0,0,0,0,0,0,0,0,0,0,0,0,0,0,0,0,0,0,0,0,0,0,0,0,0,0,0,0,0,0,0,0,0,0,TRUE
109402,벽력편,0,Weapon,Whip,Rare,FALSE,FALSE,None,craftMetal,1,1,WeaponTypeAvailableCharacter,0,0,FALSE,TRUE,109202,401110,FALSE,FALSE,0,35,0,0,0,0,0,0,0,0,0,0,0,0,0,0,0.1,0,0,0,0,0,0,0,0,0,0,0,0,0,0,0,0,0,0,0,0,0,0,0,0,0,0,0,0,0,0,0,0,0,0,0,0,0,0,0,0,TRUE
109403,글레이프니르,0,Weapon,Whip,Epic,TRUE,FALSE,None,craftMetal,1,1,WeaponTypeAvailableCharacter,0,0,FALSE,TRUE,109301,502201,FALSE,FALSE,0,40,0,0,0,35,2,0,0,0,0,0,0,0,0,0,0,0,0,0,0,0,0,0,0,0,0.04,0,0,0,0,0,0,0,0,0,0,0,0,0,0,0,0,0,0,0,0,0,0,0,0,0,0,0,0,0,0,TRUE
109404,플라즈마윕,0,Weapon,Whip,Epic,TRUE,FALSE,None,craftMetal,1,1,WeaponTypeAvailableCharacter,0,0,FALSE,TRUE,109402,101102,FALSE,FALSE,0,60,0,0,0,0,0,0,0,0,0,0,0,0,0,0,0.4,0,0,0,0,0,0,0,0,0,0,0,0,0,0,0,0,0,0,0,0,0,0,0,0,0,0,0,0,0,0,0,0,0,0,0,0,0,0,0,0,TRUE
109405,캐소드라쉬,0,Weapon,Whip,Epic,TRUE,FALSE,None,craftMetal,1,1,WeaponTypeAvailableCharacter,0,0,FALSE,TRUE,109202,205312,FALSE,FALSE,0,54,0,0,0,0,0,0,0,0,0,0,0,0,0,0,0.25,0,0,0,0.12,0,0,0,0,0,0,0,0,0,0,0,0,0,0,0,0,0,0,0,0,0,0,0,0,0,0,0,0,0,0,0,0,0,0,0,0,TRUE
109406,우라누스,0,Weapon,Whip,Legend,TRUE,TRUE,None,craftMetal,1,1,WeaponTypeAvailableCharacter,0,0,FALSE,FALSE,401202,401301,FALSE,FALSE,0,66,0,0,0,0,0,0,0,0,0,0,0,0,0,0,0.3,0,0,0,0,0,0,0,0,0,0,0,0,0,0,0,0,0,0,0,0,0,0,0,0,0,0,0,0,0,0,0,0,0,0,0,0,0,0,0,0,TRUE
109501,혈화구절편,0,Weapon,Whip,Legend,TRUE,TRUE,None,craftMetal,1,1,WeaponTypeAvailableCharacter,0,0,FALSE,FALSE,109201,401401,FALSE,FALSE,0,56,0,0,0,104,2,0,0,0,0,0,0,0,0,0,0,0,0,0,0.13,0,0,0.1,0,0,0,0,0,0,0,0,0,0,0,0,0,0,0,0,0,0,0,0,0,0,0,0,0,0,0,0,0,0,0,0,0,TRUE
109502,사복검,0,Weapon,Whip,Legend,TRUE,TRUE,None,craftMetal,1,1,WeaponTypeAvailableCharacter,0,0,FALSE,FALSE,109202,401209,FALSE,FALSE,0,45,0,0,0,60,2,0,0,0,0,0,0,0,0,0,0,0,0,0,0,0,0,0,0,0,0,0,0,0,0,0,0,0,0,0,0,0,0,0,0,0,0,0,0,0,0,0,0,0,0,0,0,0,0,0,0,TRUE
110101,너클,0,Weapon,Glove,Common,FALSE,FALSE,None,craftMetal,1,1,WeaponTypeAvailableCharacter,0,0,FALSE,TRUE,0,0,FALSE,FALSE,1,10,0,0,0,0,0,0,0,0,0,0,0,0,0,0,0,0,0,0,0,0,0,0,0,0,0,0,0,0,0,0,0,0,0,0,0,0,0,0,0,0,0,0,0,0,0,0,0,0,0,0,0,0,0,0,0,TRUE
110102,목장갑,0,Weapon,Glove,Common,FALSE,FALSE,None,craftMetal,1,1,WeaponTypeAvailableCharacter,0,0,FALSE,TRUE,0,0,FALSE,FALSE,1,7,0,0,0,0,0,0,0,0,0,0,0,0,0,0,0,0,0,0,0,0,0,0,0,0,0,0,0,0,0,0,0,0,0,0,0,0,0,0,0,0,0,0,0,0,0,0,0,0,0,0,0,0,0,0,0,TRUE
110201,글러브,0,Weapon,Glove,Uncommon,FALSE,FALSE,None,craftMetal,1,1,WeaponTypeAvailableCharacter,0,0,FALSE,TRUE,110102,401103,FALSE,FALSE,0,18,0,0,0,0,0,0,0,0,0,0,0,0,0,0,0,0,0,0,0,0,0,0,0,0,0,0,0,0,0,0,0,0,0,0,0,0,0,0,0,0,0,0,0,0,0,0,0,0,0,0,0,0,0,0,0,TRUE
110202,아이언너클,0,Weapon,Glove,Uncommon,FALSE,FALSE,None,craftMetal,1,1,WeaponTypeAvailableCharacter,0,0,FALSE,TRUE,110101,401118,FALSE,FALSE,0,20,0,0,0,0,0,0,0,0,0,0,0,0,0,0,0,0,0,0,0,0,0,0,0,0,0,0,0,0,0,0,0,0,0,0,0,0,0,0,0,0,0,0,0,0,0,0,0,0,0,0,0,0,0,0,0,TRUE
110301,건틀릿,0,Weapon,Glove,Rare,FALSE,FALSE,None,craftMetal,1,1,WeaponTypeAvailableCharacter,0,0,FALSE,TRUE,110102,401201,FALSE,FALSE,0,28,0,0,0,0,0,0,0,0,0,0,0,0,0,0,0,0,0,0,0,0,0,0,0,0,0,0,0,0,0,0,0,0,0,0,0,0,0,0,0,0,0,0,0,0,0,0,0,0,0,0,0,0,0,0,0,TRUE
110302,윙너클,0,Weapon,Glove,Rare,FALSE,FALSE,None,craftMetal,1,1,WeaponTypeAvailableCharacter,0,0,FALSE,TRUE,110202,205101,FALSE,FALSE,0,20,0,0,0,0,0,0,0,0,0,0,0,0,0,0,0,0,0,0,0,0,0,0,0,0,0.05,0,0,0,0,0,0,0,0,0,0,0,0,0,0,0,0,0,0,0,0,0,0,0,0,0,0,0,0,0,0,TRUE
110401,귀골장갑,0,Weapon,Glove,Rare,FALSE,FALSE,None,craftMetal,1,1,WeaponTypeAvailableCharacter,0,0,FALSE,TRUE,110301,401104,FALSE,FALSE,0,35,0,4,0,0,0,0,0,0,0,0,0,0,0,0,0,0,0,0,0,0,0,0,0,0,0,0,0,0,0,0,0,0,0,0,0,0,0,0,0,0,0,0,0,0,0,0,0,0,0,0,0,0,0,0,0,TRUE
110402,벽력귀투,0,Weapon,Glove,Rare,FALSE,FALSE,None,craftMetal,1,1,WeaponTypeAvailableCharacter,0,0,FALSE,TRUE,110301,401121,FALSE,FALSE,0,32,0,0,0,0,0,0,0,0,0,0,0,0,0,0,0,0,0,0,0,0,0,0,0,0,0,0,0,0,0,0,0.1,0,0,0,0,0,0,0,0,0,0,0,0,0,0,0,0,0,0,0,0,0,0,0,0,TRUE
110403,유리너클,0,Weapon,Glove,Rare,FALSE,FALSE,None,craftMetal,1,1,WeaponTypeAvailableCharacter,0,0,FALSE,TRUE,110202,205204,FALSE,FALSE,0,28,0,0,0,0,0,0,0,0,0,0,0,0,0,0,0,0,0.1,0,0,0,0,0,0,0,0,0,0,0,0,0,0,0,0,0,0,0,0,0,0,0,0,0,0,0,0,0,0,0,0,0,0,0,0,0,0,TRUE
110404,회단장갑,0,Weapon,Glove,Rare,FALSE,FALSE,None,craftMetal,1,1,WeaponTypeAvailableCharacter,0,0,FALSE,TRUE,110201,401210,FALSE,FALSE,0,20,0,0,0,23,0,0,0,0,0,0,0,0,0,0,0,0,0,0,0,0,0,0,0,0,0,0,0,0,0,0,0,0,0,0,0,0,0,0,0,0,0,0,0,0,0,0,0,0,0,0,0,0,0,0,0,TRUE
110405,단영촌천투,0,Weapon,Glove,Epic,TRUE,FALSE,None,craftMetal,1,1,WeaponTypeAvailableCharacter,0,0,FALSE,TRUE,110401,205205,FALSE,FALSE,0,52,0,6,0,0,0,0,0,0,0,0,0,0,0.5,0,0,0,0,0,0,0,0,0.16,0,0,0,0,0,0,0,0,0,0,0,0,0,0,0,0,0,0,0,0,0,0,0,0,0,0,0,0,0,0,0,0,0,TRUE
110406,디바인피스트,0,Weapon,Glove,Epic,TRUE,FALSE,None,craftMetal,1,1,WeaponTypeAvailableCharacter,0,0,FALSE,TRUE,110402,205109,FALSE,FALSE,0,53,0,0,0,0,0,0,0,0,0,0,0,0,0,0,0,0,0,0,0,0,0,0,0,0,0,0,0,0,0,0,0.15,0,0,0,0,0,0,0,0,0,0,0,0,0,0,0,0,0,0,0,0,0,0,0,0,TRUE
110407,블러드윙너클,0,Weapon,Glove,Epic,TRUE,FALSE,None,craftMetal,1,1,WeaponTypeAvailableCharacter,0,0,FALSE,TRUE,110302,401217,FALSE,FALSE,0,54,0,0,0,0,0,0,0,100,0,0,0,0,0,0,0,0,0,0,0,0,0,0,0,0,0.06,0,0,0,0,0,0,0,0,0,0,0,0,0,0,0,0,0,0,0,0,0,0,0,0,0,0,0,0,0,0,TRUE
110408,빙화현옥수,0,Weapon,Glove,Epic,TRUE,FALSE,None,craftMetal,1,1,WeaponTypeAvailableCharacter,0,0,FALSE,TRUE,110404,302103,FALSE,FALSE,0,32,0,0,0,50,2,0,0,0,0,0,0,0,0,0,0,0,0,0,0,0,0,0,0,0,0,0,0,0,0,0,0,0,0,0,0,0,0,0,0,0,0,0,0,0,0,0,0,0,0,0,0,0,0,0,0,TRUE
110409,여래수투,0,Weapon,Glove,Epic,TRUE,FALSE,None,craftMetal,1,1,WeaponTypeAvailableCharacter,0,0,FALSE,TRUE,110404,205207,FALSE,FALSE,0,32,0,0,0,34,2,0,0,0,0,0,0,0,0,0,0,0,0,0,0.1,0,0,0,0,0,0,0,0,0,0,0,0,0,0,0,0,0,0,0,0,0,0,0,0,0,0,0,0,0,0,0,0,0,0,0,0,TRUE
110410,브레이질건틀릿,0,Weapon,Glove,Epic,TRUE,FALSE,None,craftMetal,1,1,WeaponTypeAvailableCharacter,0,0,FALSE,TRUE,110401,401202,FALSE,FALSE,0,42,0,4,0,0,0,0,0,0,0,0.6,0,0,0,0,0,0,0,0,0,0,0,0,0,0,0,0,0,0,0,0,0,0,0,0,0,0,0,0,0,0,0,0,0,0,0,0,0,0,0,0,0,0,0,0,0,TRUE
110411,소수,0,Weapon,Glove,Epic,TRUE,FALSE,None,craftMetal,1,1,WeaponTypeAvailableCharacter,0,0,FALSE,TRUE,110403,401206,FALSE,FALSE,0,48,0,0,0,0,0,0,0,0,0,0,0,0,0,0,0,0,0.29,0.05,0,0,0,0,0,0,0,0,0,0,0,0,0,0,0,0,0,0,0,0,0,0,0,0,0,0,0,0,0,0,0,0,0,0,0,0,0,TRUE
110412,천잠장갑,0,Weapon,Glove,Legend,TRUE,TRUE,None,craftMetal,1,1,WeaponTypeAvailableCharacter,0,0,FALSE,FALSE,110201,401304,FALSE,FALSE,0,75,0,0,0,0,0,0,0,0,0,0,0,0,0,0,0.2,0,0,0,0,0,0,0,0,0,0.08,0,0,0,0,0,0,0,0,0,0,0,0,0,0,0,0,0,0,0,0,0,0,0,0,0,0,0,0,0,0,TRUE
110501,주작자문,7,Weapon,Glove,Legend,TRUE,TRUE,None,craftMetal,1,1,WeaponTypeAvailableCharacter,0,0,FALSE,FALSE,110201,205403,FALSE,FALSE,0,56,0,0,0,0,0,0,0,0,0,0,0,0,0,0,0,0,0,0,0,0,0,0,0,0,0,0,0,0,0,0,0,0.016,0,0,0,0,0,0,0,0,0,0,0,0,0,0,0,0,0,0,0,0,0,0,0,TRUE
110502,프로스트팽,0,Weapon,Glove,Legend,TRUE,TRUE,None,craftMetal,1,1,WeaponTypeAvailableCharacter,0,0,FALSE,FALSE,110201,205402,FALSE,FALSE,0,38,0,0,0,62,2,0,0,0,0,0,0,0,0,0,0,0,0,0,0.1,0,0,0,0,0,0,0,0,0,0,0,0,0,0,0,0,0,0,0,0,0,0,0,0,0,0,0,0,0,0,0,0,0,0,0,0,TRUE
108103,대나무,0,Weapon,Tonfa,Common,FALSE,FALSE,None,craftMetal,1,1,WeaponTypeAvailableCharacter,0,0,FALSE,TRUE,0,0,FALSE,FALSE,1,12,0,0,0,0,0,0,0,0,0,0,0,0,0,0,0,0,0,0,0,0,0,0,0,0,0,0,0,0,0,0,0,0,0,0,0,0,0,0,0,0,0,0,0,0,0,0,0,0,0,0,0,0,0,0,0,TRUE
111201,톤파,0,Weapon,Tonfa,Uncommon,FALSE,FALSE,None,craftMetal,1,1,WeaponTypeAvailableCharacter,0,0,FALSE,TRUE,108103,108101,FALSE,FALSE,0,23,0,0,0,0,0,0,0,0,0,0,0,0,0,0,0,0,0,0,0,0,0,0,0,0,0,0,0,0,0,0,0,0,0,0,0,0,0,0,0,0,0,0,0,0,0,0,0,0,0,0,0,0,0,0,0,TRUE
111301,경찰봉,0,Weapon,Tonfa,Rare,FALSE,FALSE,None,craftMetal,1,1,WeaponTypeAvailableCharacter,0,0,FALSE,TRUE,111201,401109,FALSE,FALSE,0,31,0,0,0,0,0,0,0,0,0,0,0,0,0,0,0,0,0,0,0,0,0,0,0,0,0,0,0,0,0,0,0,0,0,0,0,0,0,0,0,0,0,0,0,0,0,0,0,0,0,0,0,0,0,0,0,TRUE
111401,류큐톤파,0,Weapon,Tonfa,Rare,FALSE,FALSE,None,craftMetal,1,1,WeaponTypeAvailableCharacter,0,0,FALSE,TRUE,111201,401206,FALSE,FALSE,0,38,0,3,0,0,0,0,0,0,0,0,0,0,0,0,0,0,0,0,0,0,0,0,0,0,0,0,0,0,0,0,0,0,0,0,0,0,0,0,0,0,0,0,0,0,0,0,0,0,0,0,0,0,0,0,0,TRUE
111402,택티컬톤파,0,Weapon,Tonfa,Epic,TRUE,FALSE,None,craftMetal,1,1,WeaponTypeAvailableCharacter,0,0,FALSE,TRUE,111301,401212,FALSE,FALSE,0,48,0,0,0,54,2,0,0,0,0,0,0,0,0,0,0,0,0,0,0,0,0,0.07,0,0,0,0,0,0,0,0,0,0,0,0,0,0,0,0,0,0,0,0,0,0,0,0,0,0,0,0,0,0,0,0,0,TRUE
111403,마이쏙,0,Weapon,Tonfa,Epic,TRUE,FALSE,None,craftMetal,1,1,WeaponTypeAvailableCharacter,0,0,FALSE,TRUE,111401,401104,FALSE,FALSE,0,40,0,5,0,46,2,0,0,0,0,0,0,0,0,0,0,0,0,0,0,0,0,0,0,0,0,0,0,0,0,0,0,0,0,0,0,0,0,0,0,0,0,0,0,0,0,0,0,0,0,0,0,0,0,0,0,TRUE
111404,플라즈마톤파,0,Weapon,Tonfa,Epic,TRUE,FALSE,None,craftMetal,1,1,WeaponTypeAvailableCharacter,0,0,FALSE,TRUE,111401,401306,FALSE,FALSE,0,45,0,4,0,0,0,0,0,0,0,0,0,0,0,0,0.2,0,0,0,0,0,0,0.12,0,0,0,0,0,0,0,0,0,0,0,0,0,0,0,0,0,0,0,0,0,0,0,0,0,0,0,0,0,0,0,0,0,TRUE
111405,윈드러너,0,Weapon,Tonfa,Legend,TRUE,TRUE,None,craftMetal,1,1,WeaponTypeAvailableCharacter,0,0,FALSE,FALSE,111201,401304,FALSE,FALSE,0,42,0,8,0,57,2,0,0,0,0,0,0,0,0,0,0,0,0,0,0,0,0,0,0,0,0.1,0,0,0,0,0,0,0,0,0,0,0,0,0,0,0,0,0,0,0,0,0,0,0,0,0,0,0,0,0,0,TRUE
111406,홀스터톤파,0,Weapon,Tonfa,Epic,TRUE,FALSE,None,craftMetal,1,1,WeaponTypeAvailableCharacter,0,0,FALSE,TRUE,111301,203204,FALSE,FALSE,0,51,0,4,0,0,0,0,0,0,0,0,0,0,0,0,0.3,0,0,0,0,0,0,0,0,0,0,0,0,0,0,0,0,0,0,0,0,0,0,0,0,0,0,0,0,0,0,0,0,0,0,0,0,0,0,0,0,TRUE
111501,흑요석짓테,0,Weapon,Tonfa,Legend,TRUE,TRUE,None,craftMetal,1,1,WeaponTypeAvailableCharacter,0,0,FALSE,FALSE,111301,401403,FALSE,FALSE,0,47,0,8,0,84,2,0,0,0,0,0,0,0,0,0,0,0,0,0,0,0,0,0,0,0,0,0,0,0,0,0,0,0,0,0,0,0,0,0,0,0,0,0,0,0,0,0,0,0,0,0,0,0,0,0,0,TRUE
111502,만년한파,0,Weapon,Tonfa,Legend,TRUE,TRUE,None,craftMetal,1,1,WeaponTypeAvailableCharacter,0,0,FALSE,FALSE,111201,205402,FALSE,FALSE,0,65,0,8,0,0,0,0,0,0,0,0,0,0,0,0,0.4,0,0,0,0,0,0,0,0,0,0,0,0,0,0,0,0,0,0,0,0,0,0,0,0,0,0,0,0,0,0,0,0,0,0,0,0,0,0,0,0,TRUE
112103,쇠구슬,0,Weapon,HighAngleFire,Common,FALSE,FALSE,None,craftMetal,1,1,WeaponTypeAvailableCharacter,0,0,FALSE,TRUE,0,0,FALSE,FALSE,1,12,0,0,0,0,0,0,0,0,0,0,0,0,0,0,0,0,0,0,0,0,0,0,0,0,0,0,0,0,0,0,0,0,0,0,0,0,0,0,0,0,0,0,0,0,0,0,0,0,0,0,0,0,0,0,0,TRUE
112105,야구공,0,Weapon,HighAngleFire,Common,FALSE,FALSE,None,craftMetal,1,1,WeaponTypeAvailableCharacter,0,0,FALSE,TRUE,0,0,FALSE,FALSE,1,12,0,0,0,0,0,0,0,0,0,0,0,0,0,0,0,0,0,0,0,0,0,0,0,0,0,0,0,0,0,0,0,0,0,0,0,0,0,0,0,0,0,0,0,0,0,0,0,0,0,0,0,0,0,0,0,TRUE
112202,수류탄,0,Weapon,HighAngleFire,Uncommon,FALSE,FALSE,None,craftMetal,1,1,WeaponTypeAvailableCharacter,0,0,FALSE,TRUE,112103,401121,FALSE,FALSE,0,18,0,0,0,0,0,0,0,0,0,0,0,0,0,0,0,0,0,0,0,0,0,0,0,0,0,0,0,0,0,0,0,0.002,0,0,0,0,0,0,0,0,0,0,0,0,0,0,0,0,0,0,0,0,0,0,0,TRUE
112203,화염병,0,Weapon,HighAngleFire,Uncommon,FALSE,FALSE,None,craftMetal,1,1,WeaponTypeAvailableCharacter,0,0,FALSE,TRUE,112104,401112,FALSE,FALSE,0,22,0,0,0,0,0,0,0,0,0,0,0,0,0,0,0.15,0,0,0,0,0,0,0,0,0,0,0,0,0,0,0,0,0,0,0,0,0,0,0,0,0,0,0,0,0,0,0,0,0,0,0,0,0,0,0,0,TRUE
112204,슬링,0,Weapon,HighAngleFire,Rare,FALSE,FALSE,None,craftMetal,1,1,WeaponTypeAvailableCharacter,0,0,FALSE,TRUE,112205,401105,FALSE,FALSE,0,42,0,0,0,0,0,0,0,0,0,0,0,0,0,0,0,0,0,0,0,0,0,0,0,0,0,0,0,0,0,0,0,0,0,0,0,0,0,0,0,0,0,0,0,0,0,0,0,0,0,0,0,0,0,0,0,TRUE
112205,싸인볼,0,Weapon,HighAngleFire,Uncommon,FALSE,FALSE,None,craftMetal,1,1,WeaponTypeAvailableCharacter,0,0,FALSE,TRUE,112105,101102,FALSE,FALSE,0,14,0,0,0,0,0,0,0,0,0,0,0,0,0,0,0,0,0,0,0,0,0,0,0,0,0,0,0,0,0,0,0,0,0,0,0,0,0,0,0,0,0,0,0,0,0,0,0,0,0,0,0,0,0,0,0,TRUE
112301,밀가루폭탄,0,Weapon,HighAngleFire,Rare,FALSE,FALSE,None,craftMetal,1,1,WeaponTypeAvailableCharacter,0,0,FALSE,TRUE,401206,112203,FALSE,FALSE,0,50,0,0,0,0,0,0,0,0,0,0,0,0,0,0,0.15,0,0,0,0,0,0,0,0,0,0,0,0,0,0,0,0,0,0,0,0,0,0,0,0,0,0,0,0,0,0,0,0,0,0,0,0,0,0,0,0,TRUE
112302,소이탄,0,Weapon,HighAngleFire,Epic,TRUE,FALSE,None,craftMetal,1,1,WeaponTypeAvailableCharacter,0,0,FALSE,TRUE,112203,112303,FALSE,FALSE,0,48,0,0,0,30,2,0,0,0,0,0,0,0,0,0,0.2,0,0,0,0.12,0,0,0,0,0,0,0,0,0,0,0,0,0,0,0,0,0,0,0,0,0,0,0,0,0,0,0,0,0,0,0,0,0,0,0,0,TRUE
112303,볼라이트닝,0,Weapon,HighAngleFire,Rare,FALSE,FALSE,None,craftMetal,1,1,WeaponTypeAvailableCharacter,0,0,FALSE,TRUE,112103,401306,FALSE,FALSE,0,24,0,0,0,0,0,0,0,0,0,0,0,0,0,0,0.15,0,0,0,0,0,0,0,0,0,0,0,0,0,0,0,0,0,0,0,0,0,0,0,0,0,0,0,0,0,0,0,0,0,0,0,0,0,0,0,0,TRUE
112304,플러버,0,Weapon,HighAngleFire,Rare,FALSE,FALSE,None,craftMetal,1,1,WeaponTypeAvailableCharacter,0,0,FALSE,TRUE,112105,302201,FALSE,FALSE,0,35,0,0,0,0,0,0,0,0,0,0,0,0,0,0,0,0,0,0,0,0,0,0,0,0,0,0,0,0,0,0,0,0,0,0,0,0,0,0,0,0,0,0,0,0,0,0,0,0,0,0,0,0,0,0,0,TRUE
112306,필럼,0,Weapon,HighAngleFire,Rare,FALSE,FALSE,None,craftMetal,1,1,WeaponTypeAvailableCharacter,0,0,FALSE,TRUE,107101,205213,FALSE,FALSE,0,28,0,0,0,0,0,0,0,0,0,0,0,0,0,0,0,0,0,0,0,0,0,0,0,0,0,0,0,0,0,0,0,0,0,0,0,0,0,0,0,0,0,0,0,0,0,0,0.5,0,0,0,0,0,0,0,0,TRUE
112404,안티오크의수류탄,0,Weapon,HighAngleFire,Legend,TRUE,FALSE,None,craftMetal,1,1,WeaponTypeAvailableCharacter,0,0,FALSE,FALSE,112202,401208,FALSE,FALSE,0,72,0,0,0,0,0,0,0,0,0,0,0,0,0,0,0.2,0,0,0,0,0,0,0,0,0,0,0,0,0,0,0,0,0.015,0,0,0,0,0,0,0,0,0,0,0,0,0,0,0,0,0,0,0,0,0,0,0,TRUE
112401,다비드슬링,0,Weapon,HighAngleFire,Epic,TRUE,FALSE,None,craftMetal,1,1,WeaponTypeAvailableCharacter,0,0,FALSE,TRUE,112204,205202,FALSE,FALSE,0,67,0,0,0,0,0,0,0,0,0,0,0,0,0,0,0,0,0,0,0,0,0,0,0,0,0,0,0,0,0,0,0,0.015,0,0,0,0,0,0,0,0,0,0,0,0,0,0,0,0,0,0,0,0,0,0,0,TRUE
112402,연막탄,0,Weapon,HighAngleFire,Epic,TRUE,FALSE,None,craftMetal,1,1,WeaponTypeAvailableCharacter,0,0,FALSE,TRUE,112301,302209,FALSE,FALSE,0,62,0,0,0,0,0,0,0,0,0,0,0,0,0,0,0.25,0,0,0,0,0,0,0,0,0,0,0,0,0,0,0,0,0,0,0,0,0,0,0,0,0,0,0,0,0,0,0,0,0,0,0,0,0,0,0,0,TRUE
112403,가시탱탱볼,0,Weapon,HighAngleFire,Rare,FALSE,FALSE,None,craftMetal,1,1,WeaponTypeAvailableCharacter,0,0,FALSE,TRUE,112304,401101,FALSE,FALSE,0,37,0,0,0,0,0,0,0,0,0,0,0,0,0,0,0,0,0,0,0,0,0,0,0,0,0,0,0,0,0,0,0,0,0,0,0,0,0,0,0,0,0,0,0,0,0,0,0,0,0,0,0,0,0,0,0,TRUE
112501,루테늄구슬,0,Weapon,HighAngleFire,Epic,TRUE,FALSE,None,craftMetal,1,1,WeaponTypeAvailableCharacter,0,0,FALSE,TRUE,112403,401214,FALSE,FALSE,0,50,0,0,0,38,2,0,0,0,0,0,0,0,0,0,0,0,0,0,0,0,0,0,0,0,0,0,0,0,0,0,0,0,0,0,0,0,0,0,0,0,0,0,0,0,0,0,0,0,0,0,0,0,0,0,0,TRUE
112405,파이어볼,0,Weapon,HighAngleFire,Legend,TRUE,TRUE,None,craftMetal,1,1,WeaponTypeAvailableCharacter,0,0,FALSE,FALSE,112205,205403,FALSE,FALSE,0,55,0,0,0,38,2,0,0,0,0,0,0,0,0,0,0,0,0,0,0,0,0,0,0,0,0,0,0,0,0,0,0,0,0,0,0,0,0,0,0,0,0,0,0,0,0,0,0,0,0,0,0,0,0,0,0,TRUE
112406,프리즘볼,0,Weapon,HighAngleFire,Legend,TRUE,TRUE,None,craftMetal,1,1,WeaponTypeAvailableCharacter,0,0,FALSE,FALSE,112205,401403,FALSE,FALSE,0,78,0,0,0,0,0,0,0,0,0,0,0,0,0,0,0.3,0,0,0,0,0,0,0,0,0,0,0,0,0,0,0,0,0,0,0,0,0,0,0,0,0,0,0,0,0,0,0,0,0,0,0,0,0,0,0,0,TRUE
112407,아스트라페,0,Weapon,HighAngleFire,Epic,TRUE,FALSE,None,craftMetal,1,1,WeaponTypeAvailableCharacter,0,0,FALSE,TRUE,112306,205204,FALSE,FALSE,0,53,0,0,0,0,0,0,0,0,0,0,0,0,0,0,0,0,0.24,0.06,0,0,0,0,0,0,0,0,0,0,0,0,0,0,0,0,0,0,0,0,0,0,0,0,0,0,0,0,0.5,0,0,0,0,0,0,0,0,TRUE
112408,점착폭탄,0,Weapon,HighAngleFire,Epic,TRUE,FALSE,None,craftMetal,1,1,WeaponTypeAvailableCharacter,0,0,FALSE,TRUE,112303,112202,FALSE,FALSE,0,53,0,0,0,20,2,0,0,0,0,0,0,0,0,0,0.2,0,0,0,0,0,0,0,0,0,0,0,0,0,0,0,0,0,0,0,0,0,0,0,0,0,0,0,0,0,0,0,0,0,0,0,0,0,0,0,0,TRUE
113101,면도칼,0,Weapon,DirectFire,Common,FALSE,FALSE,None,craftMetal,1,1,WeaponTypeAvailableCharacter,0,0,FALSE,TRUE,0,0,FALSE,FALSE,1,11,0,0,0,0,0,0,0,0,0,0,0,0,0,0,0,0,0,0,0,0,0,0,0,0,0,0,0,0,0,0,0,0,0,0,0,0,0,0,0,0,0,0,0,0,0,0,0,0,0,0,0,0,0,0,0,TRUE
113102,트럼프카드,0,Weapon,DirectFire,Common,FALSE,FALSE,None,craftMetal,1,1,WeaponTypeAvailableCharacter,0,0,FALSE,TRUE,0,0,FALSE,FALSE,1,4,0,0,0,0,0,0,0,0,0,0,0,0,0,0,0,0,0.05,0,0,0,0,0,0,0,0,0,0,0,0,0,0,0,0,0,0,0,0,0,0,0,0,0,0,0,0,0,0,0,0,0,0,0,0,0,0,TRUE
113201,다트,0,Weapon,DirectFire,Uncommon,FALSE,FALSE,None,craftMetal,1,1,WeaponTypeAvailableCharacter,0,0,FALSE,TRUE,120101,205101,FALSE,FALSE,0,16,0,0,0,0,0,0,0,0,0,0,0,0,0,0,0,0,0,0.08,0,0,0,0,0,0,0.04,0,0,0,0,0,0,0,0,0,0,0,0,0,0,0,0,0,0,0,0,0,0,0,0,0,0,0,0,0,0,TRUE
113202,부적,0,Weapon,DirectFire,Rare,FALSE,FALSE,None,craftMetal,1,1,WeaponTypeAvailableCharacter,0,0,FALSE,TRUE,113203,113104,FALSE,FALSE,0,24,0,0,0,12,0,0,0,0,0,0,0,0,0,0,0,0,0,0,0,0,0,0,0,0,0,0,0,0,0,0,0,0,0,0,0,0,0,0,0,0,0,0,0,0,0,0,0,0,0,0,0,0,0,0,0,TRUE
113203,빈티지카드,0,Weapon,DirectFire,Uncommon,FALSE,FALSE,None,craftMetal,1,1,WeaponTypeAvailableCharacter,0,0,FALSE,TRUE,113102,101102,FALSE,FALSE,0,15,0,0,0,0,0,0,0,0,0,0,0,0,0,0,0,0,0.1,0,0,0,0,0,0,0,0,0,0,0,0,0,0,0,0,0,0,0,0,0,0,0,0,0,0,0,0,0,0,0,0,0,0,0,0,0,0,TRUE
113205,표창,0,Weapon,DirectFire,Uncommon,FALSE,FALSE,None,craftMetal,1,1,WeaponTypeAvailableCharacter,0,0,FALSE,TRUE,113101,502104,FALSE,FALSE,0,25,0,0,0,0,0,0,0,0,0,0,0,0,0,0,0,0,0,0,0,0,0,0,0,0,0,0,0,0,0,0,0,0,0,0,0,0,0,0,0,0,0,0,0,0,0,0,0,0,0,0,0,0,0,0,0,TRUE
113206,흑건,0,Weapon,DirectFire,Uncommon,FALSE,FALSE,None,craftMetal,1,1,WeaponTypeAvailableCharacter,0,0,FALSE,TRUE,113101,205109,FALSE,FALSE,0,14,0,0,0,10,0,0,0,0,0,0,0,0,0,0,0,0,0,0,0,0,0,0,0,0,0,0,0,0,0,0,0,0,0,0,0,0,0,0,0,0,0,0,0,0,0,0,0,0,0,0,0,0,0,0,0,TRUE
113207,매화비표,0,Weapon,DirectFire,Rare,FALSE,FALSE,None,craftMetal,1,1,WeaponTypeAvailableCharacter,0,0,FALSE,TRUE,113206,205102,FALSE,FALSE,0,22,0,0,0,12,0,0,0,0,0,0,0,0,0,0,0,0,0,0,0.05,0,0,0,0,0,0,0,0,0,0,0,0,0,0,0,0,0,0,0,0,0,0,0,0,0,0,0,0,0,0,0,0,0,0,0,0,TRUE
113301,챠크람,0,Weapon,DirectFire,Rare,FALSE,FALSE,None,craftMetal,1,1,WeaponTypeAvailableCharacter,0,0,FALSE,TRUE,113205,401109,FALSE,FALSE,0,29,0,0,0,0,0,0,0,0,0,0,0,0,0,0,0,0,0,0,0,0,0,0,0,0,0,0,0,0,0,0,0,0,0,0,0,0,0,0,0,0,0,0,0,0,0,0,0,0,0,0,0,0,0,0,0,TRUE
113302,유엽비도,0,Weapon,DirectFire,Rare,FALSE,FALSE,None,craftMetal,1,1,WeaponTypeAvailableCharacter,0,0,FALSE,TRUE,113207,108101,FALSE,FALSE,0,26,0,0,0,14,0,0,0,0,0,0,0,0,0,0,0,0,0,0,0.08,0,0,0,0,0,0,0,0,0,0,0,0,0,0,0,0,0,0,0,0,0,0,0,0,0,0,0,0,0,0,0,0,0,0,0,0,TRUE
113401,미치광이왕의카드,0,Weapon,DirectFire,Epic,TRUE,FALSE,None,craftMetal,1,1,WeaponTypeAvailableCharacter,0,0,FALSE,TRUE,113203,401306,FALSE,FALSE,0,39,0,0,0,0,0,0,0,0,0,0,0,0,0,0,0.4,0,0.15,0.1,0,0,0,0,0,0,0,0,0,0,0,0,0,0,0,0,0,0,0,0,0,0,0,0,0,0,0,0,0,0,0,0,0,0,0,0,0,TRUE
113402,독침,0,Weapon,DirectFire,Rare,FALSE,FALSE,None,craftMetal,1,1,WeaponTypeAvailableCharacter,0,0,FALSE,TRUE,113206,401210,FALSE,FALSE,0,44,0,0,0,22,0,0,0,0,0,0,0,0,0,0,0,0,0,0,0,0,0,0,0,0,0,0,0,0,0,0,0,0,0,0,0,0,0,0,0,0,0,0,0,0,0,0,0,0,0,0,0,0,0,0,0,TRUE
113403,법륜,0,Weapon,DirectFire,Rare,FALSE,FALSE,None,craftMetal,1,1,WeaponTypeAvailableCharacter,0,0,FALSE,TRUE,113301,205106,FALSE,FALSE,0,30,0,0,0,29,0,0,0,0,0,0,0,0,0,0,0,0,0,0,0,0,0,0,0,0,0,0,0,0,0,0,0,0,0,0,0,0,0,0,0,0,0,0,0,0,0,0,0,0,0,0,0,0,0,0,0,TRUE
113404,플럼바타,0,Weapon,DirectFire,Rare,FALSE,FALSE,None,craftMetal,1,1,WeaponTypeAvailableCharacter,0,0,FALSE,TRUE,113201,401201,FALSE,FALSE,0,48,0,0,0,0,0,0,0,0,0,0,0,0,0,0,0,0,0,0.1,0,0,0,0,0,0,0.04,0,0,0,0,0,0,0,0,0,0,0,0,0,0,0,0,0,0,0,0,0,0,0,0,0,0,0,0,0,0,TRUE
113405,옥전결,0,Weapon,DirectFire,Epic,TRUE,FALSE,None,craftMetal,1,1,WeaponTypeAvailableCharacter,0,0,FALSE,TRUE,113202,401214,FALSE,FALSE,0,44,0,0,0,37,2,0,0,0,0,0,0,0,0,0,0,0,0,0,0,0,0,0,0,0,0,0,0,0,0,0,0,0,0,0,0,0,0,0,0,0,0,0,0,0,0,0,0,0,0,0,0,0,0,0,0,TRUE
113406,풍마수리검,0,Weapon,DirectFire,Epic,TRUE,FALSE,None,craftMetal,1,1,WeaponTypeAvailableCharacter,0,0,FALSE,TRUE,113302,401111,FALSE,FALSE,0,41,0,0,0,40,2,0,0,0,0,0,0,0,0,0,0,0,0,0,0.15,0,0,0,0,0,0,0,0,0,0,0,0,0,0,0,0,0,0,0,0,0,0,0,0,0,0,0,0,0,0.05,0,0,0,0,0,0,TRUE
113408,빙백은침,0,Weapon,DirectFire,Legend,FALSE,FALSE,None,craftMetal,1,1,WeaponTypeAvailableCharacter,0,0,FALSE,FALSE,113402,205402,FALSE,FALSE,0,51,0,0,0,50,2,0,0,0,0,0,0,0,0,0,0,0,0,0,0,0,0,0,0,0,0,0,0,0,0,0,0,0,0,0,0,0,0,0,0,0,0,0,0,0,0,0,0,0,0,0,0,0,0,0,0,TRUE
113409,푸른색단도,0,Weapon,DirectFire,Epic,TRUE,FALSE,None,craftMetal,1,1,WeaponTypeAvailableCharacter,0,0,FALSE,TRUE,113207,401302,FALSE,FALSE,0,30,0,0,0,46,2,0,0,0,0,0,0,0,0,0,0,0,0,0,0.08,0,0,0,0,0,0,0,0,0,0,0,0,0,0,0,0,0,0,0,0,0,0,0,0,0,0,0,0,0,0,0,0,0,0,0,0,TRUE
113410,플레솃,0,Weapon,DirectFire,Epic,TRUE,FALSE,None,craftMetal,1,1,WeaponTypeAvailableCharacter,0,0,FALSE,TRUE,113404,401206,FALSE,FALSE,0,63,0,0,0,0,0,0,0,0,0,0,0,0,0,0,0,0,0,0.12,0,0,0,0,0,0,0.06,0,0,0,0,0,0,0,0,0,0,0,0,0,0,0,0,0,0,0,0,0,0.5,0,0,0,0,0,0,0,0,TRUE
113411,건곤권,0,Weapon,DirectFire,Epic,TRUE,FALSE,None,craftMetal,1,1,WeaponTypeAvailableCharacter,0,0,FALSE,TRUE,113403,401105,FALSE,FALSE,0,31,0,0,0,37,2,0,0,0,0,0,0,0,0,0,0,0,0,0,0,0,0,0,0,0,0,0,0,0,0,0,0,0,0,0,0,0,0,0,0,0,0,0,0,0,0,0,0,0,0,0,0,0,0,0,0,TRUE
113412,생사부,0,Weapon,DirectFire,Legend,TRUE,TRUE,None,craftMetal,1,1,WeaponTypeAvailableCharacter,0,0,FALSE,FALSE,113202,401209,FALSE,FALSE,0,57,0,0,0,53,2,0,0,0,0,0,0,0,0,0,0,0,0,0,0,0,0,0,0,0,0,0,0,0,0,0,0,0,0,0,0,0,0,0,0,0,0,0,0,0,0,0,0,0,0,0,0,0,0,0,0,TRUE
113501,수다르사나,0,Weapon,DirectFire,Legend,TRUE,TRUE,None,craftMetal,1,1,WeaponTypeAvailableCharacter,0,0,FALSE,FALSE,113205,401403,FALSE,FALSE,0,66,0,0,0,0,0,0,0,0,0,0,0,0,0,0,0,0,0,0,0,0,0,0,0,0,0,0,0,0,0,0,0,0,0,0,0,0,0,0,0,0,0,0,0,0,0,0,0.5,0,0,0,0,0,0,0,0,TRUE
113502,만천화우,0,Weapon,DirectFire,Legend,TRUE,TRUE,None,craftMetal,1,1,WeaponTypeAvailableCharacter,0,0,FALSE,FALSE,113206,401208,FALSE,FALSE,0,50,0,0,0,0,0,0,0,0,0,0,0,0,0,0,0.4,0,0,0,0,0,0,0,0,0,0,0,0,0,0,0,0,0,0,0,0,0,0,0,0,0,0,0,0,0,0,0,0,0,0,0,0,0,0,0,0,TRUE
114101,양궁,0,Weapon,Bow,Common,FALSE,FALSE,None,craftMetal,1,1,WeaponTypeAvailableCharacter,0,0,FALSE,TRUE,0,0,FALSE,FALSE,1,11,0,0,0,0,0,0,0,0,0,0,0,0,0,0,0,0,0,0,0,0,0,0,0,0,0,0,0,0,0,0,0,0,0,0,0,0,0,0,0,0,0,0,0,0,0,0,0,0,0,0,0,0,0,0,0,TRUE
114201,목궁,0,Weapon,Bow,Uncommon,FALSE,FALSE,None,craftMetal,1,1,WeaponTypeAvailableCharacter,0,0,FALSE,TRUE,114101,502104,FALSE,FALSE,0,26,0,0,0,0,0,0,0,0,0,0,0,0,0,0,0,0,0,0,0,0,0,0,0,0,0,0,0,0,0,0,0,0,0,0,0,0,0,0,0,0,0,0,0,0,0,0,0,0,0,0,0,0,0,0,0,TRUE
114202,장궁,0,Weapon,Bow,Uncommon,FALSE,FALSE,None,craftMetal,1,1,WeaponTypeAvailableCharacter,0,0,FALSE,TRUE,114101,401105,FALSE,FALSE,0,17,0,0,0,0,0,0,0,0,0,0,0,0,0,0,0,0,0,0,0,0,0,0,0,0,0,0,0,0,0,0,0,0,0,0,0,0,0,0,0,0,0,0,0,0,0,0,0,0,0,0,0,0,0,0,0,TRUE
114203,컴포지트보우,0,Weapon,Bow,Rare,FALSE,FALSE,None,craftMetal,1,1,WeaponTypeAvailableCharacter,0,0,FALSE,TRUE,114202,401101,FALSE,FALSE,0,25,0,0,0,0,0,0,0,0,0,0,0,0,0,0,0,0,0,0,0,0,0,0,0,0,0,0,0,0,0,0,0,0,0,0,0,0,0,0,0,0,0,0,0,0,0,0,0,0,0,0,0,0,0,0,0,TRUE
114301,강궁,0,Weapon,Bow,Rare,FALSE,FALSE,None,craftMetal,1,1,WeaponTypeAvailableCharacter,0,0,FALSE,TRUE,114201,401112,FALSE,FALSE,0,30,0,0,0,0,0,0,0,0,0,0,0,0,0,0,0,0,0,0,0,0,0,0,0,0,0,0,0,0,0,0,0,0,0,0,0,0,0,0,0,0,0,0,0,0,0,0,0,0,0,0,0,0,0,0,0,TRUE
114302,국궁,0,Weapon,Bow,Rare,FALSE,FALSE,None,craftMetal,1,1,WeaponTypeAvailableCharacter,0,0,FALSE,TRUE,114303,401109,FALSE,FALSE,0,58,0,0,0,0,0,0,0,0,0,0,0,0,0,0,0.05,0,0,0,0,0,0,0,0,0,0,0,0,0,0,0,0,0,0,0,0,0,0,0,0,0,0,0,0,0,0,0,0,0,0,0,0,0,0,0,0,TRUE
114303,벽력궁,0,Weapon,Bow,Rare,FALSE,FALSE,None,craftMetal,1,1,WeaponTypeAvailableCharacter,0,0,FALSE,TRUE,114202,401121,FALSE,FALSE,0,35,0,0,0,0,0,0,0,0,0,0,0,0,0,0,0,0,0,0,0,0,0,0,0,0,0,0,0,0,0,0,0,0,0,0,0,0,0,0,0,0,0,0,0,0,0,0,0,0,0,0,0,0,0,0,0,TRUE
114304,탄궁,0,Weapon,Bow,Rare,FALSE,FALSE,None,craftMetal,1,1,WeaponTypeAvailableCharacter,0,0,FALSE,TRUE,114201,401215,FALSE,FALSE,0,35,0,0,0,0,0,0,0,0,0,0,0,0,0,0,0,0,0,0,0.06,0,0,0,0,0,0,0,0,0,0,0,0,0,0,0,0,0,0,0,0,0,0,0,0,0,0,0,0,0,0,0,0,0,0,0,0,TRUE
114401,편전,0,Weapon,Bow,Epic,TRUE,FALSE,None,craftMetal,1,1,WeaponTypeAvailableCharacter,0,0,FALSE,TRUE,114302,108103,FALSE,FALSE,0,65,0,0,0,0,0,0,0,0,0,0,0,0,0,0,0.15,0,0,0,0,0,0,0,0,0,0,0,0,0,0,0,0,0,0,0,0,0,0,0,0,0,0,0,0,0,0,0,0,0,0,0,0,0,0,0,0,TRUE
114402,화전,0,Weapon,Bow,Rare,FALSE,FALSE,None,craftMetal,1,1,WeaponTypeAvailableCharacter,0,0,FALSE,TRUE,114202,401107,FALSE,FALSE,0,22,0,0,0,15,0,0,0,0,0,0,0,0,0,0,0,0,0,0,0,0,0,0,0,0,0,0,0,0,0,0,0,0,0,0,0,0,0,0,0,0,0,0,0,0,0,0,0,0,0,0,0,0,0,0,0,TRUE
114403,골든래쇼보우,0,Weapon,Bow,Epic,TRUE,FALSE,None,craftMetal,1,1,WeaponTypeAvailableCharacter,0,0,FALSE,TRUE,114304,401214,FALSE,FALSE,0,43,0,0,0,38,2,0,0,0,0,0,0,0,0,0,0,0,0,0,0.1,0,0,0,0,0,0,0,0,0,0,0,0,0,0,0,0,0,0,0,0,0,0,0,0,0,0,0,0,0,0,0,0,0,0,0,0,TRUE
114405,트윈보우,0,Weapon,Bow,Epic,TRUE,FALSE,None,craftMetal,1,1,WeaponTypeAvailableCharacter,0,0,FALSE,TRUE,114301,114203,FALSE,FALSE,0,28,2,0,0,0,0,0,0,0,0,0,0,0,0,0,0.4,0,0,0,0,0,0,0,0,0,0,0,0,0,0,0,0,0,0,0,0,0,0,0,0,0,0,0,0,0,0,0,0,0,0,0,0,0,0,0,0,TRUE
114501,엘리멘탈보우,0,Weapon,Bow,Epic,TRUE,FALSE,None,craftMetal,1,1,WeaponTypeAvailableCharacter,0,0,FALSE,TRUE,114402,205201,FALSE,FALSE,0,39,0,0,0,37,2,0,0,0,0,0,0,0,0,0,0,0,0,0,0,0,0,0,0,0,0.06,0,0,0,0,0,0,0,0,0,0,0,0,0,0,0,0,0,0,0,0,0,0,0,0,0,0,0,0,0,0,TRUE
114406,제베의활,0,Weapon,Bow,Epic,TRUE,FALSE,None,craftMetal,1,1,WeaponTypeAvailableCharacter,0,0,FALSE,TRUE,114303,205304,FALSE,FALSE,0,62,0,0,0,0,0,0,0,0,0,0,0,0,0,0,0.33,0,0,0,0,0,0,0,0,0,0.06,0,0,0,0,0,0,0,0,0,0,0,0,0,0,0,0,0,0,0,0,0,0,0,0,0,0,0,0,0,0,TRUE
114502,페일노트,0,Weapon,Bow,Legend,TRUE,TRUE,None,craftMetal,1,1,WeaponTypeAvailableCharacter,0,0,FALSE,FALSE,114301,401401,FALSE,FALSE,0,91,0,0,0,0,0,0,0,0,0,0,0,0,0,0,0,0.02,0,0,0,0,0,0.12,0,0,0,0,0,0,0,0,0,0,0,0,0,0,0,0,0,0,0,0,0,0,0,0,0,0,0,0,0,0,0,0,0,TRUE
114503,아르기로톡소스,0,Weapon,Bow,Legend,TRUE,TRUE,None,craftMetal,1,1,WeaponTypeAvailableCharacter,0,0,FALSE,FALSE,114202,401403,FALSE,FALSE,0,68,0,0,0,95,2,0,0,0,0,0,0,0,0,0,0,0,0,0,0,0,0,0,0,0,0,0,0,0,0,0,0,0,0,0,0,0,0,0,0,0,0,0.1,0,0,0,0,0,0,0,0,0,0,0,0,0,TRUE
114504,적궁백시,0,Weapon,Bow,Legend,TRUE,TRUE,None,craftMetal,1,1,WeaponTypeAvailableCharacter,0,0,FALSE,FALSE,114202,205403,FALSE,FALSE,0,66,0,0,0,0,0,0,0,0,0,0,0,0,0,0,0.15,0,0,0,0,0,0,0,0,0,0,0,0,0,0,0,0,0,0,0,0,0,0,0,0,0,0,0,0,0,0,0,0,0,0,0,0,0,0,0,0,TRUE
114407,아르테미스,0,Weapon,Bow,Legend,TRUE,TRUE,None,craftMetal,1,1,WeaponTypeAvailableCharacter,0,0,FALSE,FALSE,114201,401301,FALSE,FALSE,0,55,0,0,0,78,2,0,0,100,0,0,0,200,0,0,0,0,0,0,0,0,0,0,0,0,0,0,1,0,0,0,0,0,0,0,0,0,0,0,0,0,0,0,0,0,0,0,0,0,0,0,0,0,0,0,0,TRUE
115101,석궁,0,Weapon,CrossBow,Common,FALSE,FALSE,None,craftMetal,1,1,WeaponTypeAvailableCharacter,0,0,FALSE,TRUE,0,0,FALSE,FALSE,1,12,0,0,0,0,0,0,0,0,0,0,0,0,0,0,0,0,0,0,0,0,0,0,0,0,0,0,0,0,0,0,0,0,0,0,0,0,0,0,0,0,0,0,0,0,0,0,0,0,0,0,0,0,0,0,0,TRUE
115201,쇠뇌,0,Weapon,CrossBow,Uncommon,FALSE,FALSE,None,craftMetal,1,1,WeaponTypeAvailableCharacter,0,0,FALSE,TRUE,115101,502104,FALSE,FALSE,0,30,0,0,0,0,0,0,0,0,0,0,0,0,0,0,0,0,0,0,0,0,0,0,0,0,0,0,0,0,0,0,0,0,0,0,0,0,0,0,0,0,0,0,0,0,0,0,0,0,0,0,0,0,0,0,0,TRUE
115202,크로스보우,0,Weapon,CrossBow,Uncommon,FALSE,FALSE,None,craftMetal,1,1,WeaponTypeAvailableCharacter,0,0,FALSE,TRUE,115101,108103,FALSE,FALSE,0,30,0,0,0,0,0,0,0,0,0,0,0,0,0,0,0,0,0,0,0,0,0,0,0,0,0,0,0,0,0,0,0,0,0,0,0,0,0,0,0,0,0,0,0,0,0,0,0,0,0,0,0,0,0,0,0,TRUE
115302,저격궁,0,Weapon,CrossBow,Rare,FALSE,FALSE,None,craftMetal,1,1,WeaponTypeAvailableCharacter,0,0,FALSE,TRUE,115202,401108,FALSE,FALSE,0,35,0,0,0,0,0,0,0,0,0,0,0,0,0,0,0,0,0,0,0,0,0,0,0,0,0,0,1,0,0,0,0,0,0,0,0,0,0,0,0,0,0,0,0,0,0,0,0,0,0,0,0,0,0,0,0,TRUE
115303,헤비크로스보우,0,Weapon,CrossBow,Rare,FALSE,FALSE,None,craftMetal,1,1,WeaponTypeAvailableCharacter,0,0,FALSE,TRUE,115201,401201,FALSE,FALSE,0,40,0,0,0,0,0,0,0,0,0,0,0,0,0,0,0,0,0,0,0,0,0,0,0,0,0,0,0,0,0,0,0,0,0,0,0,0,0,0,0,0,0,0,0,0,0,0,0,0,0,0,0,0,0,0,0,TRUE
115401,철궁,0,Weapon,CrossBow,Rare,FALSE,FALSE,None,craftMetal,1,1,WeaponTypeAvailableCharacter,0,0,FALSE,TRUE,115202,401213,FALSE,FALSE,0,45,0,0,0,0,0,0,0,0,0,0,0,0,0,0,0,0,0,0,0,0,0,0,0,0,0,0,0,0,0,0,0,0,0,0,0,0,0,0,0,0,0,0,0,0,0,0,0,0,0,0,0,0,0,0,0,TRUE
115402,대황,0,Weapon,CrossBow,Epic,TRUE,FALSE,None,craftMetal,1,1,WeaponTypeAvailableCharacter,0,0,FALSE,TRUE,115401,401202,FALSE,FALSE,0,61,0,0,0,0,0,0,0,0,0,0.9,0,0,0,0,0.4,0,0,0,0,0,0,0,0,0,0,0,0,0,0,0,0,0,0,0,0,0,0,0,0,0,0,0.05,0,0,0,0,0,0,0,0,0,0,0,0,0,TRUE
115403,발리스타,0,Weapon,CrossBow,Epic,TRUE,FALSE,None,craftMetal,1,1,WeaponTypeAvailableCharacter,0,0,FALSE,TRUE,115303,107101,FALSE,FALSE,0,43,0,0,0,48,2,0,0,0,0,0,0,0,0,0,0,0,0,0,0,0,0,0,0,0,0,0,0,0,0,0,0,0,0,0,0,0,0,0,0,0,0,0.05,0,0,0,0,0,0,0,0,0,0,0,0,0,TRUE
115404,저격크로스보우,0,Weapon,CrossBow,Epic,TRUE,FALSE,None,craftMetal,1,1,WeaponTypeAvailableCharacter,0,0,FALSE,TRUE,115302,205206,FALSE,FALSE,0,67,0,0,0,0,0,0,0,0,0,0,0,0,0,0,0,0,0,0,0,0,0,0,0,0,0,0,1.5,0,0,0,0,0,0,0,0,0,0,0,0,0,0,0.05,0,0,0,0,0.5,0,0,0,0,0,0,0,0,TRUE
115405,영광금귀신기노,0,Weapon,CrossBow,Legend,TRUE,TRUE,None,craftMetal,1,1,WeaponTypeAvailableCharacter,0,0,FALSE,FALSE,115201,401301,FALSE,FALSE,0,51,0,0,0,81,2,0,0,0,0,0,0,0,0,0,0,0,0,0,0,0,0,0,0,0,0,0,0,0,0,0,0,0,0,0,0,0,0,0,0,0,0,0.08,0,0,0,0,0,0,0,0,0,0,0,0,0,TRUE
115406,포이즌드크로스보우,0,Weapon,CrossBow,Epic,TRUE,FALSE,None,craftMetal,1,1,WeaponTypeAvailableCharacter,0,0,FALSE,TRUE,115401,401302,FALSE,FALSE,0,42,0,0,0,38,2,0,0,0,0,0,0,0,0,0,0,0,0,0,0,0,0,0,0,0,0,0,0,0,0,0,0,0,0,0,0,0,0,0,0,0,0,0.05,0,0,0,0,0,0,0,0,0,0,0,0,0,TRUE
115501,샤릉가,0,Weapon,CrossBow,Legend,TRUE,TRUE,None,craftMetal,1,1,WeaponTypeAvailableCharacter,0,0,FALSE,FALSE,115202,401403,FALSE,FALSE,0,90,0,0,0,0,0,0,0,0,0,0,0,0,0,0,0.2,0,0,0,0,0,0,0,0,0,0,0,0,0,0,0,0,0,0,0,0,0,0,0,0,0,0,0.1,0,0,0,0,0,0,0,0,0,0,0,0,0,TRUE
116101,발터PPK,0,Weapon,Pistol,Common,FALSE,FALSE,None,craftMetal,1,1,WeaponTypeAvailableCharacter,0,0,FALSE,TRUE,0,0,FALSE,FALSE,1,14,0,0,0,0,0,0,0,0,0,0,0,0,0,0,0,0,0,0,0,0,0,0,0,0,0,0,0,0,0,0,0,0,0,0,0,0,0,0,0,0,0,0,0,0,0,0,0,0,0,0,0,0,0,0,0,TRUE
116201,매그넘-파이선,0,Weapon,Pistol,Uncommon,FALSE,FALSE,None,craftMetal,1,1,WeaponTypeAvailableCharacter,0,0,FALSE,TRUE,116101,401112,FALSE,FALSE,0,15,0,0,0,0,0,0,0,0,0,0,0,0,0,0,0.1,0,0,0,0,0,0,0,0,0,0.02,0,0,0,0,0,0,0,0,0,0,0,0,0,0,0,0,0,0,0,0,0,0,0,0,0,0,0,0,0,0,TRUE
116202,베레타M92F,0,Weapon,Pistol,Uncommon,FALSE,FALSE,None,craftMetal,1,1,WeaponTypeAvailableCharacter,0,0,FALSE,TRUE,116101,401103,FALSE,FALSE,0,23,0,0,0,0,0,0,0,0,0,0,0,0,0,0,0,0,0,0,0,0,0,0,0,0,0.02,0,0,0,0,0,0,0,0,0,0,0,0,0,0,0,0,0,0,0,0,0,0,0,0,0,0,0,0,0,0,TRUE
116301,FN57,0,Weapon,Pistol,Rare,FALSE,FALSE,None,craftMetal,1,1,WeaponTypeAvailableCharacter,0,0,FALSE,TRUE,116202,401108,FALSE,FALSE,0,29,0,0,0,0,0,0,0,0,0,0,0,0,0,0,0,0,0,0,0,0,0,0,0,0,0.04,0,1,0,0,0,0,0,0,0,0,0,0,0,0,0,0,0,0,0,0,0,0,0,0,0,0,0,0,0,0,TRUE
116401,더블리볼버SP,0,Weapon,Pistol,Rare,FALSE,FALSE,None,craftMetal,1,1,WeaponTypeAvailableCharacter,0,0,FALSE,TRUE,116201,116101,FALSE,FALSE,0,22,0,0,0,0,0,0,0,0,0,0,0,0,0,0,0.1,0,0,0,0,0,0,0,0,0,0.04,0,0,0,0,0,0,0,0,0,0,0,0,0,0,0,0,0,0,0,0,0,0,0,0,0,0,0,0,0,0,TRUE
116402,매그넘-아나콘다,0,Weapon,Pistol,Rare,FALSE,FALSE,None,craftMetal,1,1,WeaponTypeAvailableCharacter,0,0,FALSE,TRUE,116201,401212,FALSE,FALSE,0,43,0,0,0,0,0,0,0,0,0,0,0,0,0,0,0.1,0,0,0,0,0,0,0,0.1,0,0.04,0,0,0,0,0,0,0,0,0,0,0,0,0,0,0,0,0,0,0,0,0,0,0,0,0,0,0,0,0,0,TRUE
116408,데린저,0,Weapon,Pistol,Rare,FALSE,FALSE,None,craftMetal,1,1,WeaponTypeAvailableCharacter,0,0,FALSE,TRUE,116101,502203,FALSE,FALSE,0,40,0,0,0,0,0,0,0,0,0,0,0,0,0,0,0,0,0,0,0,0,0,0,0,0,0.04,0,0,0,0,0,0,0,0,0,0,0,0,0,0,0,0,0,0,0,0,0,0,0,0,0,0,0,0,0,0,TRUE
116403,마탄의사수,0,Weapon,Pistol,Legend,TRUE,TRUE,None,craftMetal,1,1,WeaponTypeAvailableCharacter,0,0,FALSE,FALSE,116201,401209,FALSE,FALSE,0,29,0,0,0,57,2,0,0,0,0,0,0,0,0,0,0.3,0,0,0,0,0,0,0,0,0,0.06,0,0,0,0,0,0,0,0,0,0,0,0,0,0,0,0,0,0,0,0,0,0,0,0,0,0,0,0,0,0,TRUE
116404,엘레강스,0,Weapon,Pistol,Epic,TRUE,FALSE,None,craftMetal,1,1,WeaponTypeAvailableCharacter,0,0,FALSE,TRUE,116301,401210,FALSE,FALSE,0,40,0,0,0,44,2,0,0,0,0,0,0,0,0,0,0,0,0,0,0,0,0,0,0,0,0.06,0,1,0,0,0,0,0,0,0,0,0,0,0,0,0,0,0,0,0,0,0,0,0,0,0,0,0,0,0,0,TRUE
116405,일렉트론블라스터,0,Weapon,Pistol,Epic,TRUE,FALSE,None,craftMetal,1,1,WeaponTypeAvailableCharacter,0,0,FALSE,TRUE,116202,501401,FALSE,FALSE,0,77,0,0,0,0,0,0,0,0,0,0,0,0,0,0,0.4,0,0,0,0,0,0,0,0,0,0.06,0,0,0,0,0,0,0,0,0,0,0,0,0,0,0,0,0,0,0,0,0,0,0,0,0,0,0,0,0,0,TRUE
116406,매그넘-보아,0,Weapon,Pistol,Epic,TRUE,FALSE,None,craftMetal,1,1,WeaponTypeAvailableCharacter,0,0,FALSE,TRUE,116402,401201,FALSE,FALSE,0,73,0,0,0,0,0,0,0,0,0,0,0,0,0,0,0.25,0,0,0,0,0,0,0,0.11,0,0.06,0,0,0,0,0,0,0,0,0,0,0,0,0,0,0,0,0,0,0,0,0,0,0,0,0,0,0,0,0,0,TRUE
116407,글록48,0,Weapon,Pistol,Epic,TRUE,FALSE,None,craftMetal,1,1,WeaponTypeAvailableCharacter,0,0,FALSE,TRUE,116301,205209,FALSE,FALSE,0,65,0,0,0,0,0,0,0,0,0,0,0,0,0,0,0.3,0,0,0,0,0,0,0,0,0,0.06,0,1.5,0,0,0,0,0,0,0,0,0,0,0,0,0,0,0,0,0,0,0,0.5,0,0,0,0,0,0,0,0,TRUE
116409,스탬피드,0,Weapon,Pistol,Epic,TRUE,FALSE,None,craftMetal,1,1,WeaponTypeAvailableCharacter,0,0,FALSE,TRUE,116408,401214,FALSE,FALSE,0,23,0,0,0,30,2,0,0,0,0,0,0,0,0,0,0,0,0,0,0,0,0,0,0,0,0.06,0,0,0,0,0,0,0,0,0,0,0,0,0,0,0,0,0,0,0,0,0,0,0,0,0,0,0,0,0,0,TRUE
116410,플라즈마건,0,Weapon,Pistol,Epic,TRUE,FALSE,None,craftMetal,1,1,WeaponTypeAvailableCharacter,0,0,FALSE,TRUE,116401,401211,FALSE,FALSE,0,52,0,0,0,0,0,0,0,0,0,0,0,0,0,0,0.35,0,0,0,0,0,0,0,0,0,0.06,0,0,-0.35,0,0,0,0,0,0,0,0,0,0,0,0,0,0,0,0,0,0,0,0,0,0,0,0,0,0,0,TRUE
116501,악켈테,0,Weapon,Pistol,Legend,TRUE,TRUE,None,craftMetal,1,1,WeaponTypeAvailableCharacter,0,0,FALSE,FALSE,116202,401403,FALSE,FALSE,0,80,0,0,0,0,0,0,0,0,0,0,0,0,0,0,0.4,0,0,0,0,0,0,0,0,0,0.08,0,0,0,0,0,0,0,0,0,0,0,0,0,0,0,0,0.12,0,0,0,0,0,0,0,0,0,0,0,0,0,TRUE
117101,페도로프자동소총,0,Weapon,AssaultRifle,Common,FALSE,FALSE,None,craftMetal,1,1,WeaponTypeAvailableCharacter,0,0,FALSE,TRUE,0,0,FALSE,FALSE,1,11,0,0,0,0,0,0,0,0,0,0,0,0,0,0,0,0,0,0,0,0,0,0,0,0,0,0,0,0,0,0,0,0,0,0,0,0,0,0,0,0,0,0,0,0,0,0,0,0,0,0,0,0,0,0,0,TRUE
117201,STG44,0,Weapon,AssaultRifle,Uncommon,FALSE,FALSE,None,craftMetal,1,1,WeaponTypeAvailableCharacter,0,0,FALSE,TRUE,117101,401121,FALSE,FALSE,0,19,0,0,0,0,0,0,0,0,0,0,0,0,0,0,0,0,0,0,0,0,0,0,0,0,0,0,0,0,0,0,0,0,0,0,0,0,0,0,0,0,0,0,0,0,0,0,0,0,0,0,0,0,0,0,0,TRUE
117301,AK-47,0,Weapon,AssaultRifle,Rare,FALSE,FALSE,None,craftMetal,1,1,WeaponTypeAvailableCharacter,0,0,FALSE,TRUE,117201,502104,FALSE,FALSE,0,46,0,0,0,0,0,0,0,0,0,0,0,0,0,0,0,0,0,0,0,0,0,0,0,0,0,0,0,0,0,0,0,0,0,0,0,0,0,0,0,0,0,0,0,0,0,0,0,0,0,0,0,0,0,0,0,TRUE
117401,M16A1,0,Weapon,AssaultRifle,Rare,FALSE,FALSE,None,craftMetal,1,1,WeaponTypeAvailableCharacter,0,0,FALSE,TRUE,117201,401103,FALSE,FALSE,0,25,0,0,0,0,0,0,0,0,0,0,0,0,0,0,0,0,0,0,0,0,0,0,0,0,0,0,0,0,0,0,0,0,0,0,0,0,0,0,0,0,0,0,0,0,0,0,0,0,0,0,0,0,0,0,0,TRUE
117402,개틀링건,0,Weapon,AssaultRifle,Rare,FALSE,FALSE,None,craftMetal,1,1,WeaponTypeAvailableCharacter,0,0,FALSE,TRUE,117201,401211,FALSE,FALSE,0,32,0,0,0,0,0,0,0,0,0,0,0,0,0,0,0.1,0,0,0,0,0,0,0,0,0,0,0,0,0,0,0,0,0,0,0,0,0,0,0,0,0,0,0,0,0,0,0,0,0,0,0,0,0,0,0,0,TRUE
117403,95식자동소총,0,Weapon,AssaultRifle,Epic,TRUE,FALSE,None,craftMetal,1,1,WeaponTypeAvailableCharacter,0,0,FALSE,TRUE,117301,401201,FALSE,FALSE,0,74,0,0,0,0,0,0,0,0,0,0,0,0,0,0,0,0,0,0,0,0,0,0,0,0,0,0,0,0,0,0,0,0,0,0,0,0,0,0,0,0,0,0.06,0,0,0,0,0.75,0,0,0,0,0,0,0,0,TRUE
117501,아그니,0,Weapon,AssaultRifle,Epic,TRUE,FALSE,None,craftMetal,1,1,WeaponTypeAvailableCharacter,0,0,FALSE,TRUE,117402,401203,FALSE,FALSE,0,70,0,0,0,0,0,0,0,0,0,0,0,0,0,0,0.25,0,0,0,0,0,0,0,0,0,0,0,0,0,0,0,0,0.011,0,0,0,0,0,0,0,0,0,0.06,0,0,0,0,0,0,0,0,0,0,0,0,0,TRUE
117404,AK-12,0,Weapon,AssaultRifle,Epic,TRUE,FALSE,None,craftMetal,1,1,WeaponTypeAvailableCharacter,0,0,FALSE,TRUE,117301,401305,FALSE,FALSE,0,79,0,0,0,0,0,0,0,0,0,0,0,0,0,0,0,0,0.22,0.1,0,0,0,0,0,0,0,0,0,0,0,0,0,0,0,0,0,0,0,0,0,0,0,0.06,0,0,0,0,0,0,0,0,0,0,0,0,0,TRUE
117405,XCR,0,Weapon,AssaultRifle,Epic,TRUE,FALSE,None,craftMetal,1,1,WeaponTypeAvailableCharacter,0,0,FALSE,TRUE,117401,401210,FALSE,FALSE,0,50,0,0,0,39,2,0,0,0,0,0,0,0,0,0,0,0,0,0,0,0,0,0,0,0,0,0,0,0,0,0,0,0,0,0,0,0,0,0,0,0,0,0.05,0,0,0,0,0,0,0,0,0,0,0,0,0,TRUE
117406,저지먼트,0,Weapon,AssaultRifle,Legend,TRUE,TRUE,None,craftMetal,1,1,WeaponTypeAvailableCharacter,0,0,FALSE,FALSE,117201,401403,FALSE,FALSE,0,90,0,0,0,0,0,0,0,0,0,0,0,0,0,0,0,0,0,0,0,0,0,0,0,0,0,0,0,0,0,0,0,0.016,0,0,0,0,0,0,0,0,0,0.14,0,0,0,0,0,0,0,0,0,0,0,0,0,TRUE
117407,골드러시,0,Weapon,AssaultRifle,Epic,TRUE,FALSE,None,craftMetal,1,1,WeaponTypeAvailableCharacter,0,0,FALSE,TRUE,117402,401214,FALSE,FALSE,0,45,0,0,0,48,2,0,0,0,0,0,0,0,0,0,0.25,0,0,0,0,0,0,0,0,0,0,0,0,0,0,0,0,0,0,0,0,0,0,0,0,0,0,0.05,0,0,0,0,0,0,0,0,0,0,0,0,0,TRUE
117502,피안화,0,Weapon,AssaultRifle,Legend,TRUE,TRUE,None,craftMetal,1,1,WeaponTypeAvailableCharacter,0,0,FALSE,FALSE,117401,205403,FALSE,FALSE,0,60,0,0,0,78,2,0,0,0,0,0,0,0,0,0,0.3,0,0,0,0,0,0,0,0,0,0,0,0,0,0,0,0,0,0,0,0,0,0,0,0,0,0,0.09,0,0,0,0,0,0,0,0,0,0,0,0,0,TRUE
118101,화승총,0,Weapon,SniperRifle,Common,FALSE,FALSE,None,craftMetal,1,1,WeaponTypeAvailableCharacter,0,0,FALSE,TRUE,0,0,FALSE,FALSE,1,22,0,0,0,0,0,0,0,0,0,0,0,0,0,0,0,0,0,0,0,0,0,0,0,0,0,0,0,0,0,0,0,0,0,0,0,0,0,0,0,0,0,0,0,0,0,0,0,0,0,0,0,0,0,0,0,TRUE
118201,스프링필드,0,Weapon,SniperRifle,Uncommon,FALSE,FALSE,None,craftMetal,1,1,WeaponTypeAvailableCharacter,0,0,FALSE,TRUE,118101,401108,FALSE,FALSE,0,30,0,0,0,0,0,0,0,0,0,0,0,0,0,0,0,0,0,0,0,0,0,0,0,0,0,0,1,0,0,0,0,0,0,0,0,0,0,0,0,0,0,0,0,0,0,0,0,0,0,0,0,0,0,0,0,TRUE
118301,하푼건,0,Weapon,SniperRifle,Rare,FALSE,FALSE,None,craftMetal,1,1,WeaponTypeAvailableCharacter,0,0,FALSE,TRUE,118201,107101,FALSE,FALSE,0,60,0,0,0,0,0,0,0,0,0,0,0,0,0,0,0,0,0,0,0,0,0,0,0,0,0,0,1,0,0,0,0,0,0,0,0,0,0,0,0,0,0,0,0,0,0,0,0,0,0,0,0,0,0,0,0,TRUE
118401,금교전,0,Weapon,SniperRifle,Rare,FALSE,FALSE,None,craftMetal,1,1,WeaponTypeAvailableCharacter,0,0,FALSE,TRUE,118201,401214,FALSE,FALSE,0,40,0,0,0,25,0,0,0,0,0,0,0,0,0,0,0,0,0,0,0,0,0,0,0,0,0,0,1,0,0,0,0,0,0,0,0,0,0,0,0,0,0,0,0,0,0,0,0,0,0,0,0,0,0,0,0,TRUE
118402,레일건,0,Weapon,SniperRifle,Rare,FALSE,FALSE,None,craftMetal,1,1,WeaponTypeAvailableCharacter,0,0,FALSE,TRUE,118201,401211,FALSE,FALSE,0,50,0,0,0,0,0,0,0,0,0,0,0,0,0,0,0.2,0,0,0,0,0,0,0,0,0,0,0,1,0,0,0,0,0,0,0,0,0,0,0,0,0,0,0,0,0,0,0,0,0,0,0,0,0,0,0,0,TRUE
118403,Tac-50,0,Weapon,SniperRifle,Epic,TRUE,FALSE,None,craftMetal,1,1,WeaponTypeAvailableCharacter,0,0,FALSE,TRUE,118301,401212,FALSE,FALSE,0,78,2,0,0,0,0,0,0,0,0,0,0,0,0,0,0,0,0,0,0,0,0,0,0.11,0,0,0,1,0,0,0,0,0,0,0,0,0,0,0,0,0,0,0,0,0,0,0,0,0,0,0,0,0,0,0,0,TRUE
118404,인터벤션,0,Weapon,SniperRifle,Epic,TRUE,FALSE,None,craftMetal,1,1,WeaponTypeAvailableCharacter,0,0,FALSE,TRUE,118301,401202,FALSE,FALSE,0,80,0,0,0,0,0,0,0,0,0,0,0,0,0,0,0,0,0,0,0,0,0,0,0,0,0,0,1,0,0,0,0,0,0,0,0,0,0,0,0,0,0,0,0,0,0,0,0.5,0,0,0,0,0,0,0,0,TRUE
118405,NTW-20,0,Weapon,SniperRifle,Epic,TRUE,FALSE,None,craftMetal,1,1,WeaponTypeAvailableCharacter,0,0,FALSE,TRUE,118401,401213,FALSE,FALSE,0,51,0,0,0,55,2,0,0,0,0,0,0,0,0,0,0,0,0,0,0,0,0,0,0,0,0,0,1,0,0,0,0,0,0,0,0,0,0,0,0,0,0,0,0,0,0,0,0,0,0,0,0,0,0,0,0,TRUE
118406,폴라리스,0,Weapon,SniperRifle,Epic,TRUE,FALSE,None,craftMetal,1,1,WeaponTypeAvailableCharacter,0,0,FALSE,TRUE,118402,401206,FALSE,FALSE,0,78,0,0,0,0,0,0,0,0,0,0,0,0,0,0,0.2,0.02,0,0,0,0,0,0,0,0,0,0,1,0,0,0,0,0,0,0,0,0,0,0,0,0,0,0,0,0,0,0,0,0,0,0,0,0,0,0,0,TRUE
118407,가우스라이플,0,Weapon,SniperRifle,Epic,TRUE,FALSE,None,craftMetal,1,1,WeaponTypeAvailableCharacter,0,0,FALSE,TRUE,118402,401218,FALSE,FALSE,0,50,0,0,0,48,2,0,0,0,0,0,0,0,0,0,0.3,0,0,0,0,0,0,0,0,0,0,0,1,0,0,0,0,0,0,0,0,0,0,0,0,0,0,0,0,0,0,0,0,0,0,0,0,0,0,0,0,TRUE
118501,사사성광,0,Weapon,SniperRifle,Legend,TRUE,TRUE,None,craftMetal,1,1,WeaponTypeAvailableCharacter,0,0,FALSE,FALSE,118201,401301,FALSE,FALSE,0,65,0,0,0,76,2,0,0,0,0,0,0,0,0,0,0.25,0,0,0,0,0,0,0,0,0,0,0,1.5,0,0,0,0,0,0,0,0,0,0,0,0,0,0,0,0,0,0,0,0,0,0,0,0,0,0,0,0,TRUE
118502,현자총통,0,Weapon,SniperRifle,Legend,TRUE,TRUE,None,craftMetal,1,1,WeaponTypeAvailableCharacter,0,0,FALSE,FALSE,118201,205403,FALSE,FALSE,0,107,0,0,0,0,0,0,0,0,0,0,0,0,0,0,0,0,0,0,0,0,0,0,0,0,0,0,0,-0.5,0,0,0,0,0,0,0,0,0,0,0,0,0,0,0,0,0,0,0,0,0,0,0,0,0,0,0,TRUE
119101,쇠사슬,0,Weapon,Nunchaku,Common,FALSE,FALSE,None,craftMetal,1,1,WeaponTypeAvailableCharacter,0,0,FALSE,TRUE,0,0,FALSE,FALSE,1,13,0,0,0,0,0,0,0,0,0,0,0,0,0,0,0,0,0,0,0,0,0,0,0,0,0,0,0,0,0,0,0,0,0,0,0,0,0,0,0,0,0,0,0,0,0,0,0,0,0,0,0,0,0,0,0,TRUE
119201,눈차크,0,Weapon,Nunchaku,Uncommon,FALSE,FALSE,None,craftMetal,1,1,WeaponTypeAvailableCharacter,0,0,FALSE,TRUE,119101,401106,FALSE,FALSE,0,25,0,0,0,0,0,0,0,0,0,0,0,0,0,0,0,0,0,0,0,0,0,0,0,0,0,0,0,0,0,0,0,0,0,0,0,0,0,0,0,0,0,0,0,0,0,0,0,0,0,0,0,0,0,0,0,TRUE
119301,샤퍼,0,Weapon,Nunchaku,Rare,FALSE,FALSE,None,craftMetal,1,1,WeaponTypeAvailableCharacter,0,0,FALSE,TRUE,119201,401101,FALSE,FALSE,0,25,0,0,0,0,0,0,0,0,0,0,0,0,0,0,0,0,0,0,0,0,0,0,0,0,0,0,0,0,0,0,0,0,0,0,0,0,0,0,0,0,0,0,0,0,0,0,0,0,0,0,0,0,0,0,0,TRUE
119302,블리더,0,Weapon,Nunchaku,Rare,FALSE,FALSE,None,craftMetal,1,1,WeaponTypeAvailableCharacter,0,0,FALSE,TRUE,119201,113101,FALSE,FALSE,0,30,0,0,0,0,0,0,0,0,0,0,0,0,0,0,0,0,0,0,0,0,0,0,0,0,0,0,0,0,0,0,0,0,0,0,0,0,0,0,0,0,0,0,0,0,0,0,0,0,0,0,0,0,0,0,0,TRUE
119401,대소반룡곤,0,Weapon,Nunchaku,Epic,TRUE,FALSE,None,craftMetal,1,1,WeaponTypeAvailableCharacter,0,0,FALSE,TRUE,119301,401210,FALSE,FALSE,0,37,0,0,0,39,2,0,0,0,0,0,0,0,0,0,0,0,0,0,0,0,0,0,0,0,0,0,0,0,0,0,0,0,0,0,0,0,0,0,0,0,0,0,0,0,0,0,0,0,0,0,0,0,0,0,0,TRUE
119402,초진동눈차크,0,Weapon,Nunchaku,Epic,TRUE,FALSE,None,craftMetal,1,1,WeaponTypeAvailableCharacter,0,0,FALSE,TRUE,119302,401303,FALSE,FALSE,0,63,0,0,0,0,0,0,0,0,0,0,0,0,0,0,0.5,0,0,0,0,0,0,0,0,0,0,0,0,0,0,0,0,0,0,0,0,0,0,0,0,0,0,0,0,0,0,0,0,0,0,0,0,0,0,0,0,TRUE
119403,케르베로스,0,Weapon,Nunchaku,Legend,TRUE,TRUE,None,craftMetal,1,1,WeaponTypeAvailableCharacter,0,0,FALSE,FALSE,119201,401403,FALSE,FALSE,0,77,0,0,0,0,0,0,0,0,0,0,0,0,0,0,0.25,0,0,0,0,0,0,0,0,0,0,0,0,0,0,0,0,0,0,0,0,0,0,0,0,0,0,0,0,0,0,0,0.5,0,0,0,0,0,0,0,0,TRUE
119404,블루3,0,Weapon,Nunchaku,Epic,TRUE,FALSE,None,craftMetal,1,1,WeaponTypeAvailableCharacter,0,0,FALSE,TRUE,119301,205203,FALSE,FALSE,0,50,0,0,0,0,0,0,0,0,0,0,0,0,0,0,0,0,0.23,0,0.1,0,0,0,0,0,0,0,0,0,0,0,0,0,0,0,0,0,0,0,0,0,0,0,0,0,0,0,0,0,0,0,0,0,0,0,0,TRUE
119501,히드라,0,Weapon,Nunchaku,Legend,TRUE,TRUE,None,craftMetal,1,1,WeaponTypeAvailableCharacter,0,0,FALSE,FALSE,119302,401401,FALSE,FALSE,0,50,0,0,0,104,2,0,0,0,0,0,0,0,0,0,0,0,0,0,0.12,0,0,0.2,0,0,0,0,0,0,0,0,0,0,0,0,0,0,0,0,0,0,0,0,0,0,0,0,0,0,0,0,0,0,0,0,0,TRUE
119502,비익련리,0,Weapon,Nunchaku,Legend,TRUE,TRUE,None,craftMetal,1,1,WeaponTypeAvailableCharacter,0,0,FALSE,FALSE,119301,205403,FALSE,FALSE,0,43,0,0,0,71,2,0,0,0,0,0,0,0,0,0,0,0,0,0,0,0,0,0,0,0,0,0,0,0,0,0,0,0,0,0,0,0,0,0,0,0,0,0,0,0,0,0,0,0,0,0,0,0,0,0,0,TRUE
120101,바늘,0,Weapon,Rapier,Common,FALSE,FALSE,None,craftMetal,1,1,WeaponTypeAvailableCharacter,0,0,FALSE,TRUE,0,0,FALSE,FALSE,1,5,0,0,0,0,0,0,0,0,0,0,0,0,0,0,0,0,0,0,0,0,0,0,0,0,0,0,0,0,0,0,0,0,0,0,0,0,0,0,0,0,0,0,0,0,0,0,0,0,0,0,0,0,0,0,0,TRUE
120201,레이피어,0,Weapon,Rapier,Uncommon,FALSE,FALSE,None,craftMetal,1,1,WeaponTypeAvailableCharacter,0,0,FALSE,TRUE,120101,401118,FALSE,FALSE,0,12,0,0,0,0,0,0,0,0,0,0,0,0,0,0,0,0,0,0,0,0,0,0,0,0,0,0,0,0,0,0,0,0,0,0,0,0,0,0,0,0,0,0,0,0,0,0,0,0,0,0,0,0,0,0,0,TRUE
120301,매화검,0,Weapon,Rapier,Rare,FALSE,FALSE,None,craftMetal,1,1,WeaponTypeAvailableCharacter,0,0,FALSE,TRUE,120201,205203,FALSE,FALSE,0,25,0,0,0,0,0,0,0,0,0,0,0,0,0,0,0,0,0.18,0,0.08,0,0,0,0,0,0,0,0,0,0,0,0,0,0,0,0,0,0,0,0,0,0,0,0,0,0,0,0,0,0,0,0,0,0,0,0,TRUE
120303,에스톡,0,Weapon,Rapier,Rare,FALSE,FALSE,None,craftMetal,1,1,WeaponTypeAvailableCharacter,0,0,FALSE,TRUE,120101,120201,FALSE,FALSE,0,25,0,0,0,0,0,0,0,0,0,0,0,0,0,0,0,0,0,0,0,0,0,0,0,0,0,0,0,0,0,0,0,0,0,0,0,0,0,0,0,0,0,0,0,0,0,0,0,0,0,0,0,0,0,0,0,TRUE
120302,활빈검,0,Weapon,Rapier,Epic,TRUE,FALSE,None,craftMetal,1,1,WeaponTypeAvailableCharacter,0,0,FALSE,TRUE,120201,202306,FALSE,FALSE,0,23,0,0,0,33,2,0,0,0,0,0.75,0,0,1,0,0,0,0,0.15,0.12,0,0,0,0,0,0,0,0,0,0,0,0,0,0,0,0,0,0,0,0,0,0,0,0,0,0,0,0,0,0,0,0,0,0,0,0,TRUE
120401,듀랜달Mk2,0,Weapon,Rapier,Epic,TRUE,FALSE,None,craftMetal,1,1,WeaponTypeAvailableCharacter,0,0,FALSE,TRUE,120301,401212,FALSE,FALSE,0,54,0,0,0,0,0,0,0,0,0,0,0,0,0,0,0,0,0.2,0.06,0.08,0,0,0,0.07,0,0,0,0,0,0,0,0,0,0,0,0,0,0,0,0,0,0,0,0,0,0,0,0,0,0,0,0,0,0,0,0,TRUE
120402,미스틸테인,0,Weapon,Rapier,Legend,TRUE,TRUE,None,craftMetal,1,1,WeaponTypeAvailableCharacter,0,0,FALSE,FALSE,120302,401208,FALSE,FALSE,0,28,0,0,0,65,2,0,0,0,0,0.75,0,0,1.5,0,0,0,0,0.15,0.15,0,0,0,0,0,0,0,1,0,0,0,0,0,0,0,0,0,0,0,0,0,0,0,0,0,0,0,0,0,0,0,0,0,0,0,0,TRUE
120403,볼틱레토,0,Weapon,Rapier,Epic,TRUE,FALSE,None,craftMetal,1,1,WeaponTypeAvailableCharacter,0,0,FALSE,TRUE,120301,401211,FALSE,FALSE,0,43,0,0,0,0,0,0,0,0,0,0,0,0,0,0,0.4,0,0.2,0,0.08,0,0,0,0,0,0,0,0,0,0,0,0,0,0,0,0,0,0,0,0,0,0,0,0,0,0,0,0,0,0,0,0,0,0,0,0,TRUE
120404,유성검,0,Weapon,Rapier,Legend,TRUE,TRUE,None,craftMetal,1,1,WeaponTypeAvailableCharacter,0,0,FALSE,FALSE,120201,401209,FALSE,FALSE,0,53,0,0,0,0,0,0,0,0,0,0,0,0,0,0,0,0,0.22,0.12,0.12,0,0,0,0,0,0,0,0,0,0,0,0,0,0,0,0,0,0,0,0,0,0,0,0,0,0,0,0,0,0,0,0,0,0,0,0,TRUE
120405,주와이외즈,0,Weapon,Rapier,Legend,TRUE,TRUE,None,craftMetal,1,1,WeaponTypeAvailableCharacter,0,0,FALSE,FALSE,120201,401304,FALSE,FALSE,0,60,0,0,0,0,0,0,0,0,0,0,0,0,0,0,0.4,0,0.1,0.07,0,0,0,0,0,0,0.1,0,0,0,0,0,0,0,0,0,0,0,0,0,0,0,0,0,0,0,0,0,0,0,0,0,0,0,0,0,0,TRUE
120406,레드팬서,0,Weapon,Rapier,Epic,TRUE,FALSE,None,craftMetal,1,1,WeaponTypeAvailableCharacter,0,0,FALSE,TRUE,120303,203304,FALSE,FALSE,0,35,0,0,0,35,2,0,0,100,0,0,0,0,0,0,0,0,0,0,0,0,0,0,0,0,0,0,0,0,0,0,0,0,0,0,0,0,0,0,0,0,0,0,0,0,0,0,0,0,0,0,0,0,0,0,0,TRUE
120407,에스프리,0,Weapon,Rapier,Epic,TRUE,FALSE,None,craftMetal,1,1,WeaponTypeAvailableCharacter,0,0,FALSE,TRUE,120303,205213,FALSE,FALSE,0,57,0,0,0,0,0,0,0,0,0,0,0,0,0,0,0,0,0.24,0,0,0,0,0,0,0,0,0,0,0,0,0,0,0,0,0,0,0,0,0,0,0,0,0,0,0,0,0,0.6,0,0,0,0,0,0,0,0,TRUE
121101,보급형기타,0,Weapon,Guitar,Common,FALSE,FALSE,None,craftMetal,1,1,WeaponTypeAvailableCharacter,0,0,FALSE,TRUE,0,0,FALSE,FALSE,1,5,0,0,0,0,0,0,0,0,0,0,0,0,0,0,0,0,0,0,0,0,0,0,0,0,0,0,0,0,0,0,0,0,0,0,0,0,0,0,0,0,0,0,0,0,0,0,0,0,0,0,0,0,0,0,0,TRUE
121201,골든브릿지,0,Weapon,Guitar,Uncommon,FALSE,FALSE,None,craftMetal,1,1,WeaponTypeAvailableCharacter,0,0,FALSE,TRUE,121101,401214,FALSE,FALSE,0,6,0,0,0,15,0,0,0,0,0,0,0,0,0,0,0,0,0,0,0,0,0,0,0,0,0,0,0,0,0,0,0,0,0,0,0,0,0,0,0,0,0,0,0,0,0,0,0,0,0,0,0,0,0,0,0,TRUE
121202,싱글픽업,0,Weapon,Guitar,Uncommon,FALSE,FALSE,None,craftMetal,1,1,WeaponTypeAvailableCharacter,0,0,FALSE,TRUE,121101,401110,FALSE,FALSE,0,15,0,0,0,0,0,0,0,0,0,0,0,0,0,0,0,0,0,0,0,0,0,0,0,0,0,0,0,0,0,0,0,0,0,0,0,0,0,0,0,0,0,0,0,0,0,0,0,0,0,0,0,0,0,0,0,TRUE
121301,루비스페셜,0,Weapon,Guitar,Rare,FALSE,FALSE,None,craftMetal,1,1,WeaponTypeAvailableCharacter,0,0,FALSE,TRUE,121202,401217,FALSE,FALSE,0,20,0,0,0,0,0,0,0,120,0,0,0,0,0,0,0,0,0,0,0,0,0,0,0,0,0,0,0,0,0,0,0,0,0,0,0,0,0,0,0,0,0,0,0,0,0,0,0,0,0,0,0,0,0,0,0,TRUE
121302,험버커픽업,0,Weapon,Guitar,Rare,FALSE,FALSE,None,craftMetal,1,1,WeaponTypeAvailableCharacter,0,0,FALSE,TRUE,121201,205206,FALSE,FALSE,0,20,0,0,0,17,0,0,0,0,0,0,0,0,0,0,0,0,0,0,0,0,0,0,0,0,0,0,1,0,0,0,0,0,0,0,0,0,0,0,0,0,0,0,0,0,0,0,0,0,0,0,0,0,0,0,0,TRUE
121303,King-V,0,Weapon,Guitar,Rare,FALSE,FALSE,None,craftMetal,1,1,WeaponTypeAvailableCharacter,0,0,FALSE,TRUE,121201,101101,FALSE,FALSE,0,12,0,0,0,25,0,0,0,0,0,0,0,0,0,0,0,0,0,0,0,0,0,0,0,0,0,0,0,0,0,0,0,0,0,0,0,0,0,0,0,0,0,0,0,0,0,0,0,0,0,0,0,0,0,0,0,TRUE
121304,노캐스터,0,Weapon,Guitar,Rare,FALSE,FALSE,None,craftMetal,1,1,WeaponTypeAvailableCharacter,0,0,FALSE,TRUE,121202,401212,FALSE,FALSE,0,25,0,0,0,0,0,0,0,0,0,0,0,0,0,0,0.2,0,0,0,0,0,0,0,0.1,0,0,0,0,0,0,0,0,0,0,0,0,0,0,0,0,0,0,0,0,0,0,0,0,0,0,0,0,0,0,0,0,TRUE
121305,슈퍼스트랫,0,Weapon,Guitar,Rare,FALSE,FALSE,None,craftMetal,1,1,WeaponTypeAvailableCharacter,0,0,FALSE,TRUE,121202,108103,FALSE,FALSE,0,46,0,0,0,0,0,0,0,0,0,0,0,0,0,0,0,0,0,0,0,0,0,0,0,0,0,0,0,0,0,0,0,0,0,0,0,0,0,0,0,0,0,0,0,0,0,0,0,0,0,0,0,0,0,0,0,TRUE
121306,야생마,0,Weapon,Guitar,Rare,FALSE,FALSE,None,craftMetal,1,1,WeaponTypeAvailableCharacter,0,0,FALSE,TRUE,121202,401112,FALSE,FALSE,0,22,0,0,0,0,0,0,0,0,0,0,0,0,0,0,0.25,0,0,0,0,0,0,0,0,0,0,0,0,0,0,0,0,0,0,0,0,0,0,0,0,0,0,0,0,0,0,0,0,0,0,0,0,0,0,0,0,TRUE
121401,보헤미안,0,Weapon,Guitar,Epic,TRUE,FALSE,None,craftMetal,1,1,WeaponTypeAvailableCharacter,0,0,FALSE,TRUE,121301,113102,FALSE,FALSE,0,55,0,0,0,0,0,0,0,200,0,0,0,0,0,0,0,0,0.22,0.05,0,0,0,0,0,0,0,0,0,0,0,0,0,0,0,0,0,0,0,0,0,0,0,0,0,0,0,0,0,0,0,0,0,0,0,0,0,TRUE
121402,천국의계단,0,Weapon,Guitar,Epic,TRUE,FALSE,None,craftMetal,1,1,WeaponTypeAvailableCharacter,0,0,FALSE,TRUE,121302,205109,FALSE,FALSE,0,44,0,0,0,33,2,0,0,0,0,0,0,0,0,0,0,0,0,0,0.05,0,0,0,0,0,0,0,1,0,0,0,0,0,0,0,0,0,0,0,0,0,0,0,0,0,0,0,0,0,0.05,0,0,0,0,0,0,TRUE
121403,퍼플헤이즈,0,Weapon,Guitar,Epic,TRUE,FALSE,None,craftMetal,1,1,WeaponTypeAvailableCharacter,0,0,FALSE,TRUE,121303,401210,FALSE,FALSE,0,62,0,0,0,49,2,0,0,0,0,0,0,0,0,1,0,0,0,0,0,0,0,0,0,0,0,0,0,0,0,0,0,0,0,0,0,0,0,0,0,0,0,0,0,0,0,0,0,0,0,0,0,0,0,0,0,TRUE
121404,새티스팩션,0,Weapon,Guitar,Epic,TRUE,FALSE,None,craftMetal,1,1,WeaponTypeAvailableCharacter,0,0,FALSE,TRUE,121304,401109,FALSE,FALSE,0,53,0,0,0,0,0,0,0,0,0,0,0,0,0,0,0.35,0,0,0,0,0,0,0,0.15,0,0,0,0,0,0,0,0,0,0,0,0,0,0,0,0,0,0,0,0,0,0,0,0,0,0,0,0,0,0,0,0,TRUE
121405,원더풀투나잇,0,Weapon,Guitar,Legend,TRUE,TRUE,None,craftMetal,1,1,WeaponTypeAvailableCharacter,0,0,FALSE,FALSE,121305,401209,FALSE,FALSE,0,63,0,0,0,0,0,0,0,0,0,0,0,0,0,0,0.2,0,0,0,0,0,0,0,0,0,0,0,0,0,0,0,0,0,0,0,0,0,0,0,0,0,0,0,0,0,0,0,0,0,0,0,0,0,0,0,0,TRUE
121406,더월,0,Weapon,Guitar,Epic,TRUE,FALSE,None,craftMetal,1,1,WeaponTypeAvailableCharacter,0,0,FALSE,TRUE,121305,401206,FALSE,FALSE,0,58,0,0,0,0,0,0,0,0,0,0,0,0,0,0,0.23,0,0,0,0,0,0,0,0,0,0,0,0,0,0,0,0,0,0,0,0,0,0,0,0,0,0,0,0,0,0,0,0,0,0,0,0,0,0,0,0,TRUE
121407,틴스피릿,0,Weapon,Guitar,Epic,TRUE,FALSE,None,craftMetal,1,1,WeaponTypeAvailableCharacter,0,0,FALSE,TRUE,121306,205207,FALSE,FALSE,0,47,0,0,0,0,0,0,0,0,0,0,0,0,0,0,0.4,0,0,0,0,0,0,0,0,0,0,0,0,0,0,0,0,0,0,0,0,0,0,0,0,0,0,0,0,0,0,0,0.35,0,0,0,0,0,0,0,0,TRUE
121501,캡틴페퍼,0,Weapon,Guitar,Legend,TRUE,TRUE,None,craftMetal,1,1,WeaponTypeAvailableCharacter,0,0,FALSE,FALSE,121201,205403,FALSE,FALSE,0,53,0,0,0,62,2,0,0,0,0,0,0,0,0,0,0,0,0,0,0.12,0,0,0,0,0,0,0,0,0,0,0,0,0,0,0,0,0,0,0,0,0,0,0,0,0,0,0,0,0,0.05,0,0,0,0,0,0,TRUE
122101,렌즈,0,Weapon,Camera,Common,FALSE,FALSE,None,craftMetal,1,1,WeaponTypeAvailableCharacter,0,0,FALSE,TRUE,0,0,FALSE,FALSE,1,12,0,0,0,0,0,0,0,0,0,0,0,0,0,0,0,0,0,0,0,0,0,0,0,0,0,0,0.5,0,0,0,0,0,0,0,0,0,0,0,0,0,0,0,0,0,0,0,0,0,0,0,0,0,0,0,0,TRUE
122201,카메라건,0,Weapon,Camera,Uncommon,FALSE,FALSE,None,craftMetal,1,1,WeaponTypeAvailableCharacter,0,0,FALSE,TRUE,122101,116101,FALSE,FALSE,0,19,0,0,0,0,0,0,0,0,0,0,0,0,0,0,0,0,0,0,0,0,0,0,0,0,0,0,1,0,0,0,0,0,0,0,0,0,0,0,0,0,0,0,0,0,0,0,0,0,0,0,0,0,0,0,0,TRUE
122301,컴팩트카메라,0,Weapon,Camera,Rare,FALSE,FALSE,None,craftMetal,1,1,WeaponTypeAvailableCharacter,0,0,FALSE,TRUE,401306,122101,FALSE,FALSE,0,22,0,0,0,5,0,0,0,0,0,0,0,0,0,0,0,0,0,0,0,0,0,0,0,0,0,0,1,0,0,0,0,0,0,0,0,0,0,0,0,0,0,0,0,0,0,0,0,0,0,0,0,0,0,0,0,TRUE
122302,레인지파인더,0,Weapon,Camera,Rare,FALSE,FALSE,None,craftMetal,1,1,WeaponTypeAvailableCharacter,0,0,FALSE,TRUE,205206,203204,FALSE,FALSE,0,20,0,0,0,0,0,0,0,0,0,0,0,0,0,0,0,0,0,0,0.06,0,0,0,0,0,0,0,1,0,0,0,0,0,0,0,0,0,0,0,0,0,0,0,0,0,0,0,0,0,0,0,0,0,0,0,0,TRUE
122303,카메라라이플,0,Weapon,Camera,Uncommon,FALSE,FALSE,None,craftMetal,1,1,WeaponTypeAvailableCharacter,0,0,FALSE,TRUE,122101,117101,FALSE,FALSE,0,25,0,0,0,0,0,0,0,0,0,0,0,0,0,0,0,0,0,0,0,0,0,0,0,0,0,0,1,0,0,0,0,0,0,0,0,0,0,0,0,0,0,0,0,0,0,0,0.5,0,0,0,0,0,0,0,0,TRUE
122401,미러리스,0,Weapon,Camera,Epic,TRUE,FALSE,None,craftMetal,1,1,WeaponTypeAvailableCharacter,0,0,FALSE,TRUE,122301,401214,FALSE,FALSE,0,25,0,0,0,47,2,0,0,0,0,0,0,0,0,0,0,0,0,0,0,0,0,0,0,0,0,0,1,0,0,0,0,0,0,0,0,0,0,0,0,0,0,0,0,0,0,0,0,0,0,0,0,0,0,0,0,TRUE
122402,컴파운드사이트,0,Weapon,Camera,Epic,TRUE,FALSE,None,craftMetal,1,1,WeaponTypeAvailableCharacter,0,0,FALSE,TRUE,122302,205102,FALSE,FALSE,0,35,0,0,0,0,0,0,0,0,0,0,0,0,0,0,0,0,0,0,0.15,0,0,0,0,0,0,0,1.5,0,0,0,0,0,0,0,0,0,0,0,0,0,0,0,0,0,0,0,0,0,0.05,0,0,0,0,0,0,TRUE
122403,카메라캐논,0,Weapon,Camera,Legend,TRUE,TRUE,None,craftMetal,1,1,WeaponTypeAvailableCharacter,0,0,FALSE,FALSE,122303,401208,FALSE,FALSE,0,78,0,0,0,0,0,0,0,0,0,0,0,0,0,0,0,0,0,0,0,0,0,0,0,0,0,0,1.5,0,0,0,0,0,0,0,0,0,0,0,0,0,0,0,0,0,0,0,0.5,0,0,0,0,0,0,0,0,TRUE
122404,VICG,0,Weapon,Camera,Epic,TRUE,FALSE,None,craftMetal,1,1,WeaponTypeAvailableCharacter,0,0,FALSE,TRUE,122201,501401,FALSE,FALSE,0,62,0,0,0,0,0,0,0,0,0,0,0,0,0,0,0.2,0,0,0,0,0,0,0,0,0,0,0,1,0,0,0,0,0,0,0,0,0,0,0,0,0,0,0,0,0,0,0,0,0,0,0,0,0,0,0,0,TRUE
122405,폴라로이드카메라,0,Weapon,Camera,Epic,TRUE,FALSE,None,craftMetal,1,1,WeaponTypeAvailableCharacter,0,0,FALSE,TRUE,122301,401216,FALSE,FALSE,0,22,0,0,0,28,2,0,0,0,0,0,0,0,0,0,0,0,0,0,0,0,0,0,0,0,0,0,1,0,0,0,0,0,0,0,0,0,0,0,0,0,0,0.07,0,0,0,0,0,0,0,0,0,0,0,0,0,TRUE
122501,울트라비전,0,Weapon,Camera,Legend,TRUE,TRUE,None,craftMetal,1,1,WeaponTypeAvailableCharacter,0,0,FALSE,FALSE,122201,401403,FALSE,FALSE,0,65,0,0,0,76,2,0,0,0,0,0,0,0,0,0,0,0,0,0,0,0,0,0,0,0,0,0,1.5,0,0,0,0,0,0,0,0,0,0,0,0,0,0,0,0,0,0,0,0,0,0,0,0,0,0,0,0,TRUE
130101,유리구슬,0,Weapon,Arcana,Common,FALSE,FALSE,None,craftMetal,1,1,WeaponTypeAvailableCharacter,0,0,FALSE,TRUE,0,0,FALSE,FALSE,1,5,0,0,0,10,0,0,0,0,0,0,0,0,0,0,0,0,0,0,0,0,0,0,0,0,0,0,0,0,0,0,0,0,0,0,0,0,0,0,0,0,0,0,0,0,0,0,0,0,0,0,0,0,0,0,0,TRUE
130201,거울구슬,0,Weapon,Arcana,Uncommon,FALSE,FALSE,None,craftMetal,1,1,WeaponTypeAvailableCharacter,0,0,FALSE,TRUE,130101,401111,FALSE,FALSE,0,13,0,0,0,20,0,0,0,0,0,0,0,0,0,0,0,0,0,0,0,0,0,0,0,0,0,0,0,0,0,0,0,0,0,0,0,0,0,0,0,0,0,0,0,0,0,0,0,0,0,0,0,0,0,0,0,TRUE
130202,얼음구슬,0,Weapon,Arcana,Uncommon,FALSE,FALSE,None,craftMetal,1,1,WeaponTypeAvailableCharacter,0,0,FALSE,TRUE,130101,302103,FALSE,FALSE,0,8,0,0,0,10,0,0,0,0,0,0,0,0,0,0,0,0,0,0,0.05,0,0,0,0,0,0,0,0,0,0,0,0,0,0,0,0,0,0,0,0,0,0,0,0,0,0,0,0,0,0,0,0,0,0,0,0,TRUE
130301,의지의지팡이,0,Weapon,Arcana,Rare,FALSE,FALSE,None,craftMetal,1,1,WeaponTypeAvailableCharacter,0,0,FALSE,TRUE,130201,108102,FALSE,FALSE,0,25,0,0,0,20,0,0,0,0,0,0,0,0,0,0,0,0,0,0,0,0,0,0,0,0,0,0,0,0,0,0,0,0,0,0,0,0,0,0,0,0,0,0,0,0,0,0,0,0,0,0,0,0,0,0,0,TRUE
130302,감정의컵,0,Weapon,Arcana,Rare,FALSE,FALSE,None,craftMetal,1,1,WeaponTypeAvailableCharacter,0,0,FALSE,TRUE,130201,205108,FALSE,FALSE,0,23,0,0,0,20,0,0,0,0,0,0.5,0,0,0,0,0,0,0,0,0,0,0,0,0,0,0,0,0,0,0,0,0,0,0,0,0,0,0,0,0,0,0,0,0,0,0,0,0,0,0,0,0,0,0,0,0,TRUE
130303,이성의칼,0,Weapon,Arcana,Rare,FALSE,FALSE,None,craftMetal,1,1,WeaponTypeAvailableCharacter,0,0,FALSE,TRUE,130202,101104,FALSE,FALSE,0,20,0,0,0,12,0,0,0,0,0,0,0,0,0,0,0,0,0,0,0.08,0,0,0,0,0,0,0,0,0,0,0,0,0,0,0,0,0,0,0,0,0,0,0,0,0,0,0,0,0,0,0,0,0,0,0,0,TRUE
130304,소유의펜타클,0,Weapon,Arcana,Rare,FALSE,FALSE,None,craftMetal,1,1,WeaponTypeAvailableCharacter,0,0,FALSE,TRUE,130202,401109,FALSE,FALSE,0,25,0,0,0,24,0,0,0,0,0,0,0,0,0,0,0,0,0,0,0.08,0,0,0,0,0,0,0,1,0,0,0,0,0,0,0,0,0,0,0,0,0,0,0,0,0,0,0,0,0,0,0,0,0,0,0,0,TRUE
130401,은둔자,0,Weapon,Arcana,Epic,TRUE,FALSE,None,craftMetal,1,1,WeaponTypeAvailableCharacter,0,0,FALSE,TRUE,130301,205202,FALSE,FALSE,0,30,0,0,0,38,2,0,0,0,0,0,0,0,0,0,0,0,0,0,0,0,0,0,0,0,0,0,0,0,0,0,0,0,0,0,0,0,0,0,0,0,0,0,0,0,0,0,0,0,0,0,0,0,0,0,0,TRUE
130402,운명의수레바퀴,0,Weapon,Arcana,Epic,TRUE,FALSE,None,craftMetal,1,1,WeaponTypeAvailableCharacter,0,0,FALSE,TRUE,130303,401210,FALSE,FALSE,0,25,0,0,0,25,2,0,0,100,0,0,0,0,0,0,0,0,0,0,0.08,0,0,0,0,0,0,0,0,0,0,0,0,0,0,0,0,0,0,0,0,0,0,0,0,0,0,0,0,0,0,0,0,0,0,0,0,TRUE
130403,절제,0,Weapon,Arcana,Epic,TRUE,FALSE,None,craftMetal,1,1,WeaponTypeAvailableCharacter,0,0,FALSE,TRUE,130302,302308,FALSE,FALSE,0,30,0,0,0,30,2,0,0,0,0,0.75,0,0,0,0,0,0,0,0,0,0,0,0,0,0,0,0,0,0,0,0,0,0,0,0,0,0,0,0,0,0,0,0,0,0,0,0.25,0,0,0,0,0,0,0,0,0,TRUE
130404,더스타,0,Weapon,Arcana,Epic,TRUE,FALSE,None,craftMetal,1,1,WeaponTypeAvailableCharacter,0,0,FALSE,TRUE,130304,401216,FALSE,FALSE,0,48,0,0,0,35,2,0,0,0,0,0,0,0,0,0,0,0,0,0,0.12,0,0,0,0,0,0,0,1,0,0,0,0,0,0,0,0,0,0,0,0,0,0,0,0,0,0,0,0,0,0,0,0,0,0,0,0,TRUE
130405,더문,0,Weapon,Arcana,Legend,TRUE,TRUE,None,craftMetal,1,1,WeaponTypeAvailableCharacter,0,0,FALSE,FALSE,130201,401301,FALSE,FALSE,0,55,0,0,0,68,2,0,0,0,0,0,0,0,0,0,0,0,0,0,0,0,0,0,0,0,0,0,1,0,0,0,0,0,0,0,0,0,0,0,0,0,0,0,0,0,0,0,0,0,0,0,0,0,0,0,0,TRUE
130501,여제,0,Weapon,Arcana,Legend,TRUE,TRUE,None,craftMetal,1,1,WeaponTypeAvailableCharacter,0,0,FALSE,FALSE,130202,205402,FALSE,FALSE,0,43,0,0,0,66,2,0,0,0,0,0,0,0,0,0,0,0,0,0,0.1,0,0,0,0,0,0,0,0,0,0,0,0,0,0,0,0,0,0,0,0,0,0,0,0,0,0,0,0,0,0,0,0,0,0,0,0,TRUE
131101,에키온 패시브 Lv2,0,Weapon,VFArm,Uncommon,FALSE,FALSE,None,craftMetal,1,1,Only,44,44,TRUE,FALSE,0,0,TRUE,FALSE,0,0,0,0,0,0,0,0,0,0,0,0,0,0,0,0,0,0,0,0,0,0,0,0,0,0,0,0,0,0,0,0,0,0,0,0,0,0,0,0,0,0,0,0,0,0,0,0,0,0,0,0,0,0,0,0,0,TRUE
131102,에키온 패시브 Lv3,0,Weapon,VFArm,Uncommon,FALSE,FALSE,None,craftMetal,1,1,Only,44,44,TRUE,FALSE,0,0,TRUE,FALSE,0,0,0,0,0,0,0,0,0,0,0,0,0,0,0,0,0,0,0,0,0,0,0,0,0,0,0,0,0,0,0,0,0,0,0,0,0,0,0,0,0,0,0,0,0,0,0,0,0,0,0,0,0,0,0,0,0,TRUE
131201,바이퍼,0,Weapon,VFArm,Uncommon,FALSE,FALSE,None,craftMetal,1,1,Only,44,44,TRUE,FALSE,0,0,TRUE,FALSE,0,5,0,0,0,0,0,0,0,0,0,0,0,0,0,0,0,0,0,0,0,0,0,0,0,0,0,0,0,0,0,0,0,0,0,0,0,0,0,0,0,0,0,0,0,0,0,0,0,0,0,0,0,0,0,0,0,TRUE
131301,데스애더,0,Weapon,VFArm,Rare,FALSE,FALSE,None,craftMetal,1,1,Only,44,44,TRUE,FALSE,131201,131101,TRUE,FALSE,0,33,0,0,0,0,0,0,0,0,0,0,0,0,0,0,0,0,0,0,0,0,0,0,0,0,0,0,0,0,0,0,0,0.01,0,0,0,0,0,0,0,0,0,0,0,0,0,0,0,0,0,0,0,0,0,0,0,TRUE
131302,블랙맘바,0,Weapon,VFArm,Rare,FALSE,FALSE,None,craftMetal,1,1,Only,44,44,TRUE,FALSE,131201,131101,TRUE,FALSE,0,33,0,0,0,0,0,0,0,0,0,0,0,0,0,0,0,0,0,0,0,0,0,0.1,0,0,0,0,0,0,0,0,0,0,0,0,0,0,0,0,0,0,0,0,0,0,0,0,0,0,0,0,0,0,0,0,0,TRUE
131303,사이드와인더,0,Weapon,VFArm,Rare,FALSE,FALSE,None,craftMetal,1,1,Only,44,44,TRUE,FALSE,131201,131101,TRUE,FALSE,0,35,0,0,0,0,0,0,0,0,0,0,0,0,0,0,0,0,0,0,0,0,0,0,0,0,0.06,0,0,0,0,0,0,0,0,0,0,0,0,0,0,0,0,0,0,0,0,0,0,0,0,0,0,0,0,0,0,TRUE
131401,데스애더퀸,0,Weapon,VFArm,Epic,TRUE,FALSE,None,craftMetal,1,1,Only,44,44,TRUE,FALSE,131301,131102,TRUE,FALSE,0,53,0,0,0,0,0,0,0,0,0,0,0,0,0,0,0.15,0,0,0,0,0,0,0,0,0,0,0,0,0,0,0,0,0.02,0,0,0,0,0,0,0,0,0,0,0,0,0,0,0,0,0,0,0,0,0,0,0,TRUE
131402,블랙맘바킹,0,Weapon,VFArm,Epic,TRUE,FALSE,None,craftMetal,1,1,Only,44,44,TRUE,FALSE,131302,131102,TRUE,FALSE,0,50,0,0,0,0,0,0,0,0,9,0,0,0,0,0,0,0,0,0,0,0,0,0.12,0,0,0,0,0,0,0,0,0,0,0,0,0,0,0,0,0,0,0,0,0,0,0,0,0,0,0,0,0,0,0,0,0,TRUE
131403,슈퍼사이드와인더,0,Weapon,VFArm,Epic,TRUE,FALSE,None,craftMetal,1,1,Only,44,44,TRUE,FALSE,131303,131102,TRUE,FALSE,0,55,0,0,0,0,0,0,0,0,0,0,0,0,0,0,0,0,0,0,0.06,0,0,0,0,0,0.08,0,0,0,0,0,0,0,0,0,0,0,0,0,0,0,0,0,0,0,0,0,0,0,0,0,0,0,0,0,0,TRUE
131501,데스애더퀸-MT,7,Weapon,VFArm,Legend,TRUE,TRUE,None,craftVFArm,1,1,Only,44,44,TRUE,FALSE,131401,401209,TRUE,FALSE,0,61,0,0,0,0,0,0,0,0,0,0,0,0,0,0,0.2,0,0,0,0,0,0,0,0,0,0,0,0,0,0,0,0,0.02,0,0,0,0,0,0,0,0,0,0,0,0,0,0,0,0,0,0,0,0,0,0,0,TRUE
131502,데스애더퀸-FC,7,Weapon,VFArm,Legend,TRUE,TRUE,None,craftVFArm,1,1,Only,44,44,TRUE,FALSE,131401,401403,TRUE,FALSE,0,67,0,0,0,0,0,0,0,0,0,0,0,0,0,0,0.25,0,0,0,0,0,0,0,0,0,0,0,0,0,0,0,0,0.02,0,0,0,0,0,0,0,0,0,0,0,0,0,0,0,0,0,0.15,0,0,0,0,0,TRUE
131503,데스애더퀸-VBS,7,Weapon,VFArm,Legend,TRUE,TRUE,None,craftVFArm,1,1,Only,44,44,TRUE,FALSE,131401,401401,TRUE,FALSE,0,71,0,0,0,0,0,0,0,0,0,0,0,0,0,0,0.25,0,0,0,0,0,0,0,0,0,0,0,0,0,0,0,0,0.02,0,0,0,0,0,0,0,0,0,0,0,0,0,0,0,0.2,0,0,0,0,0,0,0,TRUE
131504,블랙맘바킹-TL,7,Weapon,VFArm,Legend,TRUE,TRUE,None,craftVFArmB,1,1,Only,44,44,TRUE,FALSE,131402,401208,TRUE,FALSE,0,55,0,0,0,0,0,0,0,0,11,0,0,0,0,0,0,0,0,0,0,0,0,0.12,0,0,0,0,0,0,0,0,0,0,0,0,0,0,0,0,0,0,0,0,0,0,0,0,0,0,0,0,0,0,0,0,0,TRUE
131505,블랙맘바킹-FC,7,Weapon,VFArm,Legend,TRUE,TRUE,None,craftVFArmB,1,1,Only,44,44,TRUE,FALSE,131402,401403,TRUE,FALSE,0,63,0,0,0,0,0,0,0,0,11,0,0,0,0,0,0,0,0,0,0,0,0,0.17,0,0,0,0,0,0,0,0,0,0,0,0,0,0,0,0,0,0,0,0,0,0,0,0,0,0,0,0.15,0,0,0,0,0,TRUE
131506,블랙맘바킹-VBS,7,Weapon,VFArm,Legend,TRUE,TRUE,None,craftVFArmB,1,1,Only,44,44,TRUE,FALSE,131402,401401,TRUE,FALSE,0,67,0,0,0,0,0,0,0,0,11,0,0,0,0,0,0,0,0,0,0,0,0,0.17,0,0,0,0,0,0,0,0,0,0,0,0,0,0,0,0,0,0,0,0,0,0,0,0,0,0.2,0,0,0,0,0,0,0,TRUE
131507,슈퍼사이드와인더-ML,7,Weapon,VFArm,Legend,TRUE,TRUE,None,craftVFArmS,1,1,Only,44,44,TRUE,FALSE,131403,401304,TRUE,FALSE,0,63,0,0,0,0,0,0,0,0,0,0,0,0,0,0,0,0,0,0,0.1,0,0,0,0,0,0.1,0,0,0,0,0,0,0,0,0,0,0,0,0,0,0,0,0,0,0,0,0,0,0,0.05,0,0,0,0,0,0,TRUE
131508,슈퍼사이드와인더-FC,7,Weapon,VFArm,Legend,TRUE,TRUE,None,craftVFArmS,1,1,Only,44,44,TRUE,FALSE,131403,401403,TRUE,FALSE,0,69,0,0,0,0,0,0,0,0,0,0,0,0,0,0,0,0,0,0,0.15,0,0,0,0,0,0.1,0,0,0,0,0,0,0,0,0,0,0,0,0,0,0,0,0,0,0,0,0,0,0,0,0.15,0,0,0,0,0,TRUE
131509,슈퍼사이드와인더-VBS,7,Weapon,VFArm,Legend,TRUE,TRUE,None,craftVFArmS,1,1,Only,44,44,TRUE,FALSE,131403,401401,TRUE,FALSE,0,73,0,0,0,0,0,0,0,0,0,0,0,0,0,0,0,0,0,0,0.15,0,0,0,0,0,0.1,0,0,0,0,0,0,0,0,0,0,0,0,0,0,0,0,0,0,0,0,0,0,0.2,0,0,0,0,0,0,0,TRUE
601501,데스애더퀸-MT2,8,Weapon,VFArm,Legend,TRUE,TRUE,None,craftVFArm,1,1,Only,44,44,TRUE,FALSE,131401,401402,TRUE,FALSE,0,61,0,0,0,0,0,0,0,0,0,0,0,0,0,0,0.2,0,0,0,0,0,0,0,0,0,0,0,0,0,0,0,0,0.02,0,0,0,0,0,0,0,0,0,0,0,0,0,0,0,0,0,0,0,0,0,0,0,TRUE
601502,데스애더퀸-FC2,8,Weapon,VFArm,Legend,TRUE,TRUE,None,craftVFArm,1,1,Only,44,44,TRUE,FALSE,131401,401402,TRUE,FALSE,0,67,0,0,0,0,0,0,0,0,0,0,0,0,0,0,0.25,0,0,0,0,0,0,0,0,0,0,0,0,0,0,0,0,0.02,0,0,0,0,0,0,0,0,0,0,0,0,0,0,0,0,0,0.15,0,0,0,0,0,TRUE
601503,데스애더퀸-VBS2,8,Weapon,VFArm,Legend,TRUE,TRUE,None,craftVFArm,1,1,Only,44,44,TRUE,FALSE,131401,401402,TRUE,FALSE,0,71,0,0,0,0,0,0,0,0,0,0,0,0,0,0,0.25,0,0,0,0,0,0,0,0,0,0,0,0,0,0,0,0,0.02,0,0,0,0,0,0,0,0,0,0,0,0,0,0,0,0.2,0,0,0,0,0,0,0,TRUE
601504,블랙맘바킹-TL2,8,Weapon,VFArm,Legend,TRUE,TRUE,None,craftVFArmB,1,1,Only,44,44,TRUE,FALSE,131402,401402,TRUE,FALSE,0,55,0,0,0,0,0,0,0,0,11,0,0,0,0,0,0,0,0,0,0,0,0,0.12,0,0,0,0,0,0,0,0,0,0,0,0,0,0,0,0,0,0,0,0,0,0,0,0,0,0,0,0,0,0,0,0,0,TRUE
601505,블랙맘바킹-FC2,8,Weapon,VFArm,Legend,TRUE,TRUE,None,craftVFArmB,1,1,Only,44,44,TRUE,FALSE,131402,401402,TRUE,FALSE,0,63,0,0,0,0,0,0,0,0,11,0,0,0,0,0,0,0,0,0,0,0,0,0.17,0,0,0,0,0,0,0,0,0,0,0,0,0,0,0,0,0,0,0,0,0,0,0,0,0,0,0,0.15,0,0,0,0,0,TRUE
601506,블랙맘바킹-VBS2,8,Weapon,VFArm,Legend,TRUE,TRUE,None,craftVFArmB,1,1,Only,44,44,TRUE,FALSE,131402,401402,TRUE,FALSE,0,67,0,0,0,0,0,0,0,0,11,0,0,0,0,0,0,0,0,0,0,0,0,0.17,0,0,0,0,0,0,0,0,0,0,0,0,0,0,0,0,0,0,0,0,0,0,0,0,0,0.2,0,0,0,0,0,0,0,TRUE
601507,슈퍼사이드와인더-ML2,8,Weapon,VFArm,Legend,TRUE,TRUE,None,craftVFArmS,1,1,Only,44,44,TRUE,FALSE,131403,401402,TRUE,FALSE,0,63,0,0,0,0,0,0,0,0,0,0,0,0,0,0,0,0,0,0,0.1,0,0,0,0,0,0.1,0,0,0,0,0,0,0,0,0,0,0,0,0,0,0,0,0,0,0,0,0,0,0,0.05,0,0,0,0,0,0,TRUE
601508,슈퍼사이드와인더-FC2,8,Weapon,VFArm,Legend,TRUE,TRUE,None,craftVFArmS,1,1,Only,44,44,TRUE,FALSE,131403,401402,TRUE,FALSE,0,69,0,0,0,0,0,0,0,0,0,0,0,0,0,0,0,0,0,0,0.15,0,0,0,0,0,0.1,0,0,0,0,0,0,0,0,0,0,0,0,0,0,0,0,0,0,0,0,0,0,0,0,0.15,0,0,0,0,0,TRUE
601509,슈퍼사이드와인더-VBS2,8,Weapon,VFArm,Legend,TRUE,TRUE,None,craftVFArmS,1,1,Only,44,44,TRUE,FALSE,131403,401402,TRUE,FALSE,0,73,0,0,0,0,0,0,0,0,0,0,0,0,0,0,0,0,0,0,0.15,0,0,0,0,0,0.1,0,0,0,0,0,0,0,0,0,0,0,0,0,0,0,0,0,0,0,0,0,0,0.2,0,0,0,0,0,0,0,TRUE
610501,주작자문MK2,8,Weapon,Glove,Legend,TRUE,TRUE,None,craftMetal,1,1,WeaponTypeAvailableCharacter,0,0,FALSE,FALSE,0,0,FALSE,FALSE,0,40,0,0,0,0,0,0,0,0,0,0,0,0,0,0,0,0,0,0,0,0,0,0,0,0,0,0,0,0,0,0,0,0,0,0,0,0,0,0,0,0,0,0,0,0,0,0,0,0,0,0,0,0,0,0,0,TRUE
602409,레바테인MK2,8,Weapon,TwoHandSword,Legend,TRUE,TRUE,None,craftMetal,1,1,WeaponTypeAvailableCharacter,0,0,FALSE,FALSE,0,0,FALSE,FALSE,0,48,0,0,0,0,0,0,0,0,0,0,0,0,0,0,0,0,0,0,0,0,0,0,0,0,0,0,0,0,0,0,0,0,0,0,0,0,0,0,0,0,0,0,0,0,0,0,0,0,0,0,0,0,0,0,0,TRUE
607406,화첨창MK2,8,Weapon,Spear,Legend,TRUE,TRUE,None,craftMetal,1,1,WeaponTypeAvailableCharacter,0,0,FALSE,FALSE,0,0,FALSE,FALSE,0,60,0,0,0,0,0,0,0,0,0,0,0,0,0,0,0,0,0,0,0,0,0,0,0,0,0,0,0,0,0,0,0,0,0,0,0,0,0,0,0,0,0,0,0,0,0,0,0,0,0,0,0,0,0,0,0,TRUE
